Fecha_Ocurrencia,Codigo_Accidente,Direccion,Barrio,Vehiculos Involucrados,Heridos,Accidente con,Muertes,Clase de Accidente,severidad,hora,dia_semana,mes,fin_semana,Año,Mes,Mes_nombre,lat,lon
2024-01-03,A001602262,CALLE 14A CARRERA 34   BACHUE,BACHUE,2,2,HERIDOS,0,CHOQUE,0,0,Wednesday,1,0,2024,1,enero,,
2024-01-06,A001602263,CALLE 14 CARRERA  28   SAN JOSÃ‰,SAN JOSÉ,2,3,HERIDOS,0,CHOQUE,0,0,Saturday,1,1,2024,1,enero,3.9904639,-73.770546
2024-01-09,A001602264,KILOMETRO 7+800 MTS,SIN INFORMACIÓN,1,1,HERIDOS,0,CHOQUE,0,0,Tuesday,1,0,2024,1,enero,,
2024-01-12,A001602265,AVENIDA 23 N. 24 - 07   LA TIZA,LA TIZA,2,2,HERIDOS,0,CHOQUE,0,0,Friday,1,0,2024,1,enero,,
2024-01-12,A001602266,KILOMETRO 3+500 MTS VIA CHICHIMENE ESTACION ACACIAS,SIN INFORMACIÓN,2,1,HERIDOS,0,CHOQUE,0,0,Friday,1,0,2024,1,enero,,
2024-01-15,A001602267,CALLE 13 N.22+48  -  COOPERATIVO,COOPERATIVO,1,1,HERIDOS,0,CHOQUE,0,0,Monday,1,0,2024,1,enero,3.9876057,-73.7645413
2024-01-17,A001602268,CALLE 18 N 21-56 -  MANCERA,MANCERA,2,1,HERIDOS,0,CHOQUE,0,0,Wednesday,1,0,2024,1,enero,3.9919826,-73.7594884
2024-01-27,A001602270,CALLE 10 N 23 -01  -  DORADO,DORADO,2,1,HERIDOS,0,CHOQUE,0,0,Saturday,1,1,2024,1,enero,3.9851539,-73.7681515
2021-01-26,A001602269,DIAGONAL 15 CARRERA 31 - VILLA DEL SOL  VEREDA,SIN INFORMACIÓN,1,0,MUERTOS,1,CHOQUE,1,0,Tuesday,1,0,2021,1,enero,,
2024-02-07,A001602271,AVENIDA 23 CARRERA  27 -,SIN INFORMACIÓN,2,1,HERIDOS,0,CHOQUE,0,0,Wednesday,2,0,2024,2,febrero,,
2024-02-12,A001602273,CALLE 11 CARRERA 23  -  DORADO,DORADO,2,1,HERIDOS,0,CHOQUE,0,0,Monday,2,0,2024,2,febrero,3.9851539,-73.7681515
2024-02-12,A001602272,AVENIDA 23 N. 5A-93 -  PABLO EMILIO RIVEROS,PABLO EMILIO RIVEROS,2,1,HERIDOS,0,CHOQUE,0,0,Monday,2,0,2024,2,febrero,3.9813847,-73.7668931
2024-02-14,A001602274,CALLE 18 CARRERA 14 -  SAN CRISTOBAL LOMA DE TIGRE,SAN CRISTOBAL,2,3,HERIDOS,0,CHOQUE,0,0,Wednesday,2,0,2024,2,febrero,4.0049364,-73.8336221
2024-02-15,A001602275,KILOMETRO 1+200 MTS   -,SIN INFORMACIÓN,2,1,HERIDOS,0,CHOQUE,0,0,Thursday,2,0,2024,2,febrero,,
2024-02-15,A001602276,CARRERA 23 N.17 -76  -  MANCERA,MANCERA,2,3,HERIDOS,0,CHOQUE,0,0,Thursday,2,0,2024,2,febrero,3.9919826,-73.7594884
2024-02-18,A001602278,CALLE 18 N-4-01  -  POPULAR,POPULAR,2,1,HERIDOS,0,CHOQUE,0,0,Sunday,2,1,2024,2,febrero,3.9854568,-73.7597031
2024-02-18,A001602277,CARRERA 23 N.16A-35  -  EL BOSQUE,EL BOSQUE,2,2,HERIDOS,0,CHOQUE,0,0,Sunday,2,1,2024,2,febrero,,
2024-02-20,A001602279,CALLE 12 CARRERA 26 -  DORADO,DORADO,2,1,HERIDOS,0,CHOQUE,0,0,Tuesday,2,0,2024,2,febrero,3.9851539,-73.7681515
2024-02-21,A001602280,CALLE 15 CARRERA 33 -,SIN INFORMACIÓN,2,1,HERIDOS,0,CHOQUE,0,0,Wednesday,2,0,2024,2,febrero,,
2024-02-22,A001602281,KILOMETRO 3 VIA ANTIGUA GUAMAL  -,SIN INFORMACIÓN,1,0,MUERTOS,1,CHOQUE,1,0,Thursday,2,0,2024,2,febrero,,
2024-02-24,A001602282,CALLE 17 CARRERA 6 -  POPULAR,POPULAR,2,3,HERIDOS,0,CHOQUE,0,0,Saturday,2,1,2024,2,febrero,3.9854568,-73.7597031
2024-02-27,C-001587577,KILOMETRO 57+100 MTS VIA GRANADA -VILLAVICENCIO  -,SIN INFORMACIÓN,2,0,MUERTOS,2,CHOQUE,1,0,Tuesday,2,0,2024,2,febrero,,
2024-03-03,A0001602263,KILOMETRO KM 7 VIA ANTIGUA GUAMAL  -,SIN INFORMACIÓN,2,2,HERIDOS,0,CHOQUE,0,0,Sunday,3,1,2024,3,marzo,,
2024-03-05,A0001602284,CALLE 15 CARRERA 47 -  COLINAS EL ROSARIO,COLINAS,2,1,HERIDOS,0,CHOQUE,0,0,Tuesday,3,0,2024,3,marzo,,
2024-03-11,A0001602285,CARRERA 33 CALLE  14A -  BACHUE,BACHUE,2,3,HERIDOS,0,CHOQUE,0,0,Monday,3,0,2024,3,marzo,,
2024-03-23,A001602286,CALLE 13 N 19-70  -,SIN INFORMACIÓN,1,1,MUERTOS,1,ATROPELLO,1,0,Saturday,3,1,2024,3,marzo,,
2024-03-29,A0001651928,KILOMETRO 0+400 MTS VIA ANTIGUA GUAMAL  -,SIN INFORMACIÓN,2,2,HERIDOS,0,CHOQUE,0,0,Friday,3,0,2024,3,marzo,,
2024-03-27,A0001602287,AVENIDA 23 CARRERA 27A -  VILLA LUCIA,VILLA LUCIA,2,1,HERIDOS,0,CHOQUE,0,0,Wednesday,3,0,2024,3,marzo,,
2024-03-30,A0001651929,CALLE 18 N 9-50  -  POPULAR,POPULAR,1,1,HERIDOS,0,ATROPELLO,0,0,Saturday,3,1,2024,3,marzo,3.9854568,-73.7597031
2024-04-10,A0001651930,CALLE 14 CARRERA 41 -  COMCAJA RANCHO GRANDE,COMCAJA,2,2,HERIDOS,0,CHOQUE,0,0,Wednesday,4,0,2024,4,abril,,
2024-04-10,A0001651931,KILOMETRO 1 VIA ACACIAS -VILLAVICENCIO  -  VILLA MANUELA,VILLA MANUELA,2,3,HERIDOS,0,CHOQUE,0,0,Wednesday,4,0,2024,4,abril,4.0061605,-73.7707754
2024-04-11,A001651932,CALLE 11 CRA 31 -  SAMAN BRISAS DEL GUAYURIBA,SAMAN,3,2,HERIDOS,0,CHOQUE,0,0,Thursday,4,0,2024,4,abril,,
2024-04-11,A001651933,CALLE 19 N.22A  -  SIN INFORMACIÃ“N DEL BARRIO RANCHO GRANDE,SIN INFORMACIÓN,2,2,HERIDOS,0,CHOQUE,0,0,Thursday,4,0,2024,4,abril,,
2024-04-14,A001651934,CARRERA 15 6A -77  -  MALECÃ“N TURISTICO,MALECÓN TURÍSTICO,2,3,HERIDOS,0,CHOQUE,0,0,Sunday,4,1,2024,4,abril,,
2024-04-19,A001651935,CALLE 20 CARRERA 49 -  COLINAS,COLINAS,2,1,HERIDOS,0,CHOQUE,0,0,Friday,4,0,2024,4,abril,,
2024-04-21,A001651936,CALLE 13 CARRERA 18 -  CENTRO,CENTRO,2,3,HERIDOS,0,CHOQUE,0,0,Sunday,4,1,2024,4,abril,3.9601604,-73.7585291
2024-04-25,A001651937,CALLE 14 CARRERA 12 -  JUAN MELLAO,JUAN MELLAO,2,1,HERIDOS,0,CHOQUE,0,0,Thursday,4,0,2024,4,abril,,
2024-04-27,A001651938,CALLE 12 CARRERA 25 -  DORADO BAJO,DORADO BAJO,2,1,HERIDOS,0,CHOQUE,0,0,Saturday,4,1,2024,4,abril,,
2024-04-28,A001651939,CARRERA 36 N. 9-82  -  INDEPENDENCIA,INDEPENDENCIA,1,2,HERIDOS,0,ATROPELLO,0,0,Sunday,4,1,2024,4,abril,3.985851,-73.7787589
2024-04-29,A001651940,CALLE 15 CARRERA 22 -  COOPERATIVO,COOPERATIVO,3,2,HERIDOS,0,CHOQUE,0,0,Monday,4,0,2024,4,abril,3.9876057,-73.7645413
2024-05-06,A001651941,CALLE 19 CARRERA 18A -  MANCERA,MANCERA,2,2,HERIDOS,0,CHOQUE,0,0,Monday,5,0,2024,5,mayo,3.9919826,-73.7594884
2024-05-07,A001651942,CARRERA 31 CALLE  16C -  BACHUE,BACHUE,2,3,HERIDOS,0,CHOQUE,0,0,Tuesday,5,0,2024,5,mayo,,
2024-05-11,A001651943,CALLE 15 N.21-76  -  SIN INFORMACIÃ“N DEL BARRIO,SIN INFORMACIÓN,1,1,HERIDOS,0,ATROPELLO,0,0,Saturday,5,1,2024,5,mayo,,
2024-05-22,A001651944,DIAGONAL 15 CARRERA 30 -  ASOCIACIÃ“N DE AMIGOS,ASOCIACIÓN DE AMIGOS,2,1,HERIDOS,0,CHOQUE,0,0,Wednesday,5,0,2024,5,mayo,,
2024-05-22,A001651945,KILOMETRO 1 VIA VEREDA ESMERALDA  -,SIN INFORMACIÓN,1,1,HERIDOS,0,CHOQUE,0,0,Wednesday,5,0,2024,5,mayo,,
2024-05-26,A001651946,DIAGONAL 15 CARRERA 41 - VILLA AURORA,SIN INFORMACIÓN,2,3,HERIDOS,0,CHOQUE,0,0,Sunday,5,1,2024,5,mayo,,
2024-05-26,A001651947,KILOMETRO 26 + 645  -  VÃA GRANADA-VILLAVICENCIO,VÍA GRANADA-VILLAVICENCIO,1,1,HERIDOS,0,CHOQUE,0,0,Sunday,5,1,2024,5,mayo,,
2024-05-27,A001651948,KILOMETRO 19 VIA VAQUEROS CLUB -,SIN INFORMACIÓN,3,0,MUERTOS,1,CHOQUE,1,0,Monday,5,0,2024,5,mayo,,
2024-06-01,A001651949,KILOMETRO 2+200 MTS  VIA  ACACIAS  ANTIGUA GUAMAL -  VÃA ANTIGUA GUAMAL,VÍA ANTIGUA GUAMAL,2,1,HERIDOS,0,CHOQUE,0,0,Saturday,6,1,2024,6,junio,,
2024-06-08,A001651952,KILOMETRO 00+900 MTS VIA ANTIGUA  GUAMAL -,SIN INFORMACIÓN,2,1,HERIDOS,0,CHOQUE,0,0,Saturday,6,1,2024,6,junio,,
2024-06-09,A001651951,CALLE 13 CARRERA 21 -  COOPERATIVO,COOPERATIVO,2,2,HERIDOS,0,CHOQUE,0,0,Sunday,6,1,2024,6,junio,3.9876057,-73.7645413
2024-06-07,A001651952,CARRERA 23 CALLE 5 -  PABLO EMILIO RIVEROS,PABLO EMILIO RIVEROS,2,2,HERIDOS,0,CHOQUE,0,0,Friday,6,0,2024,6,junio,3.9813847,-73.7668931
2024-06-16,A001651953,CALLE 14 CARRERA 45A -  CIMARRON,CIMARRON,1,0,MUERTOS,1,CHOQUE,1,0,Sunday,6,1,2024,6,junio,3.9931062,-73.7796356
2024-06-19,A001651954,KILOMETRO 26+500 MTS VIA VILLAVICENCIO  GRANADA -,SIN INFORMACIÓN,2,0,MUERTOS,1,CHOQUE,1,0,Wednesday,6,0,2024,6,junio,,
2024-06-20,A001651955,CARRERA 23 +18-35   -  MANCERA ESMERALDA,MANCERA,2,1,HERIDOS,0,CHOQUE,0,0,Thursday,6,0,2024,6,junio,3.9919826,-73.7594884
2024-06-20,A001651956,CALLE 14 CARRERA 26 -  SIN INFORMACIÃ“N DEL BARRIO,SIN INFORMACIÓN,2,1,HERIDOS,0,CHOQUE,0,0,Thursday,6,0,2024,6,junio,,
2024-06-21,A001651957,CALLE 20 48  -  BRISAS DE LA COLINA,BRISAS DE LA COLINA,2,2,HERIDOS,0,CHOQUE,0,0,Friday,6,0,2024,6,junio,3.9968549,-73.7798485
2024-06-22,A001651958,CALLE 23 N 19-16  - ARAGUANEY  LA PRIMAVERA,SIN INFORMACIÓN,2,1,HERIDOS,0,CHOQUE,0,0,Saturday,6,1,2024,6,junio,,
2024-06-24,A001651959,KILOMETRO 10+100 MTS VIA ACACIAS  CHCICHIMENE -,SIN INFORMACIÓN,2,2,HERIDOS,0,CHOQUE,0,0,Monday,6,0,2024,6,junio,,
2024-06-25,A001651960,CALLE 18 N.9-50  - PALERMO  RANCHO GRANDE,SIN INFORMACIÓN,2,1,HERIDOS,0,CHOQUE,0,0,Tuesday,6,0,2024,6,junio,,
2024-06-27,A001651961,CALLE 13 CARRERA  15 -  CENTRO,CENTRO,2,2,HERIDOS,0,CHOQUE,0,0,Thursday,6,0,2024,6,junio,3.9601604,-73.7585291
2024-06-27,A001651962,DIAGONAL 15 N 23 -17  -  SAN JOSÃ‰,SAN JOSÉ,1,3,HERIDOS,0,ATROPELLO,0,0,Thursday,6,0,2024,6,junio,3.9904639,-73.770546
2024-07-03,A001651963,KILOMETRO 4 VIA ACACIAS  DINAMARCA -,SIN INFORMACIÓN,2,1,HERIDOS,0,CHOQUE,0,0,Wednesday,7,0,2024,7,julio,,
2024-07-07,A001651964,KILOMETRO 0+400 MTS ACACIAS  VEREDA RANCHO  GRANDE,SIN INFORMACIÓN,2,1,HERIDOS,0,CHOQUE,0,0,Sunday,7,1,2024,7,julio,,
2024-07-10,A001651965,CALLE 18 CARRERA  17 -  MANCERA,MANCERA,1,1,HERIDOS,0,CHOQUE,0,0,Wednesday,7,0,2024,7,julio,3.9919826,-73.7594884
2024-07-10,A001651966,CARRERA 25 CALLE  10A - B/EVEREST,SIN INFORMACIÓN,2,1,HERIDOS,0,CHOQUE,0,0,Wednesday,7,0,2024,7,julio,,
2024-07-10,C-001588138,KILOMETRO 53+200 MTS   -  VÃA GRANADA-VILLAVICENCIO,VÍA GRANADA-VILLAVICENCIO,1,1,HERIDOS,0,ATROPELLO,0,0,Wednesday,7,0,2024,7,julio,,
2024-07-11,A001651967,CALLE 16 CARRERA 33 -  BACHUE,BACHUE,2,1,HERIDOS,0,CHOQUE,0,0,Thursday,7,0,2024,7,julio,,
2024-07-13,A001651968,CARRERA 20 N 16A - 30  -  MANCERA SAN ISIDRO DE CHICHIMENE,MANCERA,1,0,MUERTOS,1,OTRO,1,0,Saturday,7,1,2024,7,julio,3.9919826,-73.7594884
2024-07-14,A001651969,DIAGONAL 15 N-34 -01  - PRADOS CODEM,SIN INFORMACIÓN,2,3,HERIDOS,0,CHOQUE,0,0,Sunday,7,1,2024,7,julio,,
2024-07-17,A001651970,KILOMETRO 1+200 MTS   -,SIN INFORMACIÓN,2,2,HERIDOS,0,CHOQUE,0,0,Wednesday,7,0,2024,7,julio,,
2024-07-16,A001651971,CARRERA 4 N. 18 - 96   -  POPULAR,POPULAR,2,2,HERIDOS,0,CHOQUE,0,0,Tuesday,7,0,2024,7,julio,3.9854568,-73.7597031
2024-07-20,A001651972,CALLE 11 CARRERA 25 -  SAMAN SANTA TERESITA,SAMAN,2,1,HERIDOS,0,CHOQUE,0,0,Saturday,7,1,2024,7,julio,,
2024-07-26,C001588150,KILOMETRO 45+500 MTS   -  VÃA GRANADA-VILLAVICENCIO,VÍA GRANADA-VILLAVICENCIO,2,2,HERIDOS,0,CHOQUE,0,0,Friday,7,0,2024,7,julio,,
2024-08-03,A001651973,CALLE 16A N.41 -33  -  BALCONES DE SAN DIEGO,BALCONES DE SAN DIEGO,1,1,HERIDOS,0,ATROPELLO,0,0,Saturday,8,1,2024,8,agosto,,
2024-08-09,A001651974,CALLE 15 CARRERA 15 -  SIN INFORMACIÃ“N DEL BARRIO,SIN INFORMACIÓN,2,1,HERIDOS,0,CHOQUE,0,0,Friday,8,0,2024,8,agosto,,
2024-08-10,A001651975,CALLE 14 CARRERA 30 - BANCARIIOS,SIN INFORMACIÓN,2,3,HERIDOS,0,CHOQUE,0,0,Saturday,8,1,2024,8,agosto,,
2024-08-10,A001651976,AVENIDA 23 N. 28-65  -  VILLA LUCIA,VILLA LUCIA,2,2,HERIDOS,0,CHOQUE,0,0,Saturday,8,1,2024,8,agosto,,
2024-08-12,A001651977,CALLE 14 CRA 36 -  SIN INFORMACIÃ“N DEL BARRIO,SIN INFORMACIÓN,2,2,HERIDOS,0,CHOQUE,0,0,Monday,8,0,2024,8,agosto,,
2024-08-18,A001651980,CARRERA 17 CALLE  17 -  SIN INFORMACIÃ“N DEL BARRIO,SIN INFORMACIÓN,2,1,HERIDOS,0,CHOQUE,0,0,Sunday,8,1,2024,8,agosto,,
2024-08-17,A001651978,DIAGONAL 8 N.18-127  - BARR/LAS FERIAS,SIN INFORMACIÓN,2,2,HERIDOS,0,CHOQUE,0,0,Saturday,8,1,2024,8,agosto,,
2024-08-17,A001651979,CARRERA 23 FRENTE ALA ESTACION PRIMAX  -,SIN INFORMACIÓN,2,2,HERIDOS,0,CHOQUE,0,0,Saturday,8,1,2024,8,agosto,,
2024-08-18,A001651983,KILOMETRO 15 VIA VAQUEROS -CHICHIMENE  -,SIN INFORMACIÓN,2,0,MUERTOS,1,CHOQUE,1,0,Sunday,8,1,2024,8,agosto,,
2024-08-20,A001651981,CALLE 13 CARRERA 25 -  SAN JOSÃ‰,SAN JOSÉ,2,1,HERIDOS,0,CHOQUE,0,0,Tuesday,8,0,2024,8,agosto,3.9904639,-73.770546
2024-08-24,A001651984,CALLE 16 CARRERA 31 -  SIN INFORMACIÃ“N DEL BARRIO,SIN INFORMACIÓN,2,1,HERIDOS,0,CHOQUE,0,0,Saturday,8,1,2024,8,agosto,,
2024-08-23,A001651982,CARRERA 30 N-22A-20  -  LA ORQUIDEA REAL,LA ORQUIDEA REAL,2,1,HERIDOS,0,CHOQUE,0,0,Friday,8,0,2024,8,agosto,,
2024-08-29,A001651985,KILOMETRO 27+200 MTS   -  VÃA GRANADA-VILLAVICENCIO,VÍA GRANADA-VILLAVICENCIO,2,2,HERIDOS,0,CHOQUE,0,0,Thursday,8,0,2024,8,agosto,,
2024-09-07,A001651987,CARRERA 23 N 11-05  - DORADO ALTO,SIN INFORMACIÓN,2,1,HERIDOS,0,CHOQUE,0,0,Saturday,9,1,2024,9,septiembre,,
2024-09-05,A001651986,CALLE 14 N.15-56  -  SIN INFORMACIÃ“N DEL BARRIO,SIN INFORMACIÓN,3,3,HERIDOS,0,CHOQUE,0,0,Thursday,9,0,2024,9,septiembre,,
2024-09-07,C-001588180,KILOMETRO 56+210 MTS   -  VÃA GRANADA-VILLAVICENCIO,VÍA GRANADA-VILLAVICENCIO,1,1,HERIDOS,0,ATROPELLO,0,0,Saturday,9,1,2024,9,septiembre,,
2024-09-11,C-001588186,KILOMETRO 46+650 MTS   -  VÃA GRANADA-VILLAVICENCIO,VÍA GRANADA-VILLAVICENCIO,2,2,HERIDOS,0,CHOQUE,0,0,Wednesday,9,0,2024,9,septiembre,,
2024-09-15,A001651988,CARRERA 23 N 25-39  -  VILLA MAGALY,VILLA MAGALY,2,2,HERIDOS,0,CHOQUE,0,0,Sunday,9,1,2024,9,septiembre,,
2024-09-15,A001651989,CARRERA 47 CALLE 18 -  SIN INFORMACIÃ“N DEL BARRIO SANTA ROSA,SIN INFORMACIÓN,2,2,HERIDOS,0,CHOQUE,0,0,Sunday,9,1,2024,9,septiembre,,
2024-09-22,A001651990,KILOMETRO 8+200 MTS VIA ESMERALDA -CHICHIMENE  -,SIN INFORMACIÓN,2,1,HERIDOS,0,CHOQUE,0,0,Sunday,9,1,2024,9,septiembre,,
2024-09-25,A001651991,DIAGONAL 15 CARRERA 21 -  COOPERATIVO,COOPERATIVO,2,1,HERIDOS,0,CHOQUE,0,0,Wednesday,9,0,2024,9,septiembre,3.9876057,-73.7645413
2024-09-26,A001651992,CALLE 14 N 30 - 10  -  BACHUE,BACHUE,2,2,HERIDOS,0,CHOQUE,0,0,Thursday,9,0,2024,9,septiembre,,
2024-09-30,C-001589283,KILOMETRO 53+850 MTS   -  VÃA GRANADA-VILLAVICENCIO,VÍA GRANADA-VILLAVICENCIO,2,2,HERIDOS,0,CHOQUE,0,0,Monday,9,0,2024,9,septiembre,,
2024-10-06,A001651983,CARRERA 23 N.14-89  -  COOPERATIVO,COOPERATIVO,2,2,HERIDOS,0,CHOQUE,0,0,Sunday,10,1,2024,10,octubre,3.9876057,-73.7645413
2024-10-09,A001651994,CALLE 17 CARRERA 19 -  MANCERA,MANCERA,2,2,HERIDOS,0,CHOQUE,0,0,Wednesday,10,0,2024,10,octubre,3.9919826,-73.7594884
2024-10-13,A001651996,CALLE 19 N.20 -36  -  MANCERA,MANCERA,2,2,HERIDOS,0,CHOQUE,0,0,Sunday,10,1,2024,10,octubre,3.9919826,-73.7594884
2024-10-14,A001651997,KILOMETRO 1+900 MTS   - VIA,SIN INFORMACIÓN,3,4,HERIDOS,0,CHOQUE,0,0,Monday,10,0,2024,10,octubre,,
2024-10-13,A001651995,CALLE 14 CARRERA 29 - BANCARIOS,SIN INFORMACIÓN,2,2,HERIDOS,0,CHOQUE,0,0,Sunday,10,1,2024,10,octubre,,
2024-10-11,C-001589297,KILOMETRO 44+700 MTS   -  VÃA GRANADA-VILLAVICENCIO,VÍA GRANADA-VILLAVICENCIO,3,1,HERIDOS,0,CHOQUE,0,0,Friday,10,0,2024,10,octubre,,
2024-10-16,A001651999,CALLE 16 CRA 42 -  SIN INFORMACIÃ“N DEL BARRIO ESMERALDA,SIN INFORMACIÓN,2,2,HERIDOS,0,CHOQUE,0,0,Wednesday,10,0,2024,10,octubre,,
2024-10-16,A001651998,AVENIDA 23 N.29A-37  -  SIN INFORMACIÃ“N DEL BARRIO,SIN INFORMACIÓN,2,1,HERIDOS,0,CHOQUE,0,0,Wednesday,10,0,2024,10,octubre,,
2024-10-17,A001652000,CALLE 18 CARRERA 14 -  SIN INFORMACIÃ“N DEL BARRIO,SIN INFORMACIÓN,2,2,HERIDOS,0,CHOQUE,0,0,Thursday,10,0,2024,10,octubre,,
2024-10-19,C-001589305,KILOMETRO 44+500 MTS   -  VÃA GRANADA-VILLAVICENCIO,VÍA GRANADA-VILLAVICENCIO,2,1,MUERTOS,1,CHOQUE,1,0,Saturday,10,1,2024,10,octubre,,
2024-10-18,A001652001,CARRERA 31 N. 14-10       -  BACHUE,BACHUE,2,1,HERIDOS,0,CHOQUE,0,0,Friday,10,0,2024,10,octubre,,
2024-10-22,C-001589308,KILOMETRO 46+630 MTS   -,SIN INFORMACIÓN,2,1,HERIDOS,0,CHOQUE,0,0,Tuesday,10,0,2024,10,octubre,,
2024-10-25,A001652003,CALLE 10 N. 23-24  -  SIN INFORMACIÃ“N DEL BARRIO,SIN INFORMACIÓN,2,1,HERIDOS,0,CHOQUE,0,0,Friday,10,0,2024,10,octubre,,
2024-10-25,A001652002,AVENIDA 23 N .27A - 55  -  VILLA LUCIA RANCHO GRANDE,VILLA LUCIA,2,1,HERIDOS,0,CHOQUE,0,0,Friday,10,0,2024,10,octubre,,
2024-10-27,A001652004,AVENIDA 23 N.29A-50  -  ASOCIACIÃ“N DE AMIGOS,ASOCIACIÓN DE AMIGOS,2,1,HERIDOS,0,CHOQUE,0,0,Sunday,10,1,2024,10,octubre,,
2024-10-31,A001652005,CARRERA 18 N.13-69  -  SIN INFORMACIÃ“N DEL BARRIO,SIN INFORMACIÓN,1,1,HERIDOS,0,ATROPELLO,0,0,Thursday,10,0,2024,10,octubre,,
2024-11-01,A001652006,CALLE 14 N.21-11  -  COOPERATIVO,COOPERATIVO,2,0,MUERTOS,1,CHOQUE,1,0,Friday,11,0,2024,11,noviembre,3.9876057,-73.7645413
2024-11-02,A001652007,KILOMETRO 5 CAMELLON 10  -,SIN INFORMACIÓN,2,1,HERIDOS,0,CHOQUE,0,0,Saturday,11,1,2024,11,noviembre,,
2024-11-06,A001652008,AVENIDA 23 CARRERA 18 -  PABLO EMILIO RIVEROS,PABLO EMILIO RIVEROS,2,3,HERIDOS,0,CHOQUE,0,0,Wednesday,11,0,2024,11,noviembre,3.9813847,-73.7668931
2024-11-06,A001652009,CALLE 14 CRA 42 -  SIN INFORMACIÃ“N DEL BARRIO,SIN INFORMACIÓN,2,2,HERIDOS,0,CHOQUE,0,0,Wednesday,11,0,2024,11,noviembre,,
2024-11-08,A001652010,CALLE 20 CARRERA 49 -  BRISAS DE LA COLINA,BRISAS DE LA COLINA,2,2,HERIDOS,0,CHOQUE,0,0,Friday,11,0,2024,11,noviembre,3.9968549,-73.7798485
2024-11-10,A001652011,CALLE 16 N.29-31  -  SIN INFORMACIÃ“N DEL BARRIO EL CENTRO,SIN INFORMACIÓN,2,1,HERIDOS,0,CHOQUE,0,0,Sunday,11,1,2024,11,noviembre,,
2024-11-12,C-001589323,KILOMETRO 56+010 MTS   -  VÃA GRANADA-VILLAVICENCIO,VÍA GRANADA-VILLAVICENCIO,2,2,HERIDOS,0,CHOQUE,0,0,Tuesday,11,0,2024,11,noviembre,,
2024-11-15,A001652012,AVENIDA 23 CARRERA 27A -  VILLA LUCIA,VILLA LUCIA,2,1,HERIDOS,0,CHOQUE,0,0,Friday,11,0,2024,11,noviembre,,
2024-11-16,C-001589325,KILOMETRO 48+020 MTS   -  VÃA GRANADA-VILLAVICENCIO,VÍA GRANADA-VILLAVICENCIO,2,1,HERIDOS,0,CHOQUE,0,0,Saturday,11,1,2024,11,noviembre,,
2024-11-20,A001652013,AVENIDA 23 CARRERA 42 ENTRADA ENS  VÃA PRINCIPAL-AVENIDA 23,VÍA PRINCIPAL AVENIDA 23,2,3,HERIDOS,0,CHOQUE,0,0,Wednesday,11,0,2024,11,noviembre,,
2024-11-21,A001652014,CALLE 15 CARRERA 21 -  SIN INFORMACIÃ“N DEL BARRIO,SIN INFORMACIÓN,2,1,HERIDOS,0,CHOQUE,0,0,Thursday,11,0,2024,11,noviembre,,
2024-11-22,A001652015,AVENIDA 23 N:34-40  -  SIN INFORMACIÃ“N DEL BARRIO ESMERALDA,SIN INFORMACIÓN,2,1,HERIDOS,0,CHOQUE,0,0,Friday,11,0,2024,11,noviembre,,
2024-11-24,A001652016,CALLE 14 CARRERA 31 -  SIN INFORMACIÃ“N DEL BARRIO,SIN INFORMACIÓN,2,2,HERIDOS,0,CHOQUE,0,0,Sunday,11,1,2024,11,noviembre,,
2024-11-28,A001652017,KILOMETRO 4+100 MTS VIA ANTIGUA GUAMAL  -,SIN INFORMACIÓN,2,0,MUERTOS,1,CHOQUE,1,0,Thursday,11,0,2024,11,noviembre,,
2024-12-01,A001652018,KILOMETRO 23 VIA  CHICHIMENE VIA SAN CARLOS  DE GUAROA -,SIN INFORMACIÓN,1,0,MUERTOS,1,CHOQUE,1,0,Sunday,12,1,2024,12,diciembre,,
2024-12-01,A001652019,CARRERA  50 N-15A-17  -  SIN INFORMACIÃ“N DEL BARRIO,SIN INFORMACIÓN,2,3,HERIDOS,0,CHOQUE,0,0,Sunday,12,1,2024,12,diciembre,,
2024-12-05,A001652020,DIAGONAL 15 CARRERA 42 - VILLA COLONIAL,SIN INFORMACIÓN,2,3,HERIDOS,0,CHOQUE,0,0,Thursday,12,0,2024,12,diciembre,,
2024-12-07,A001652022,CALLE 14 N.33 -05  -,SIN INFORMACIÓN,2,2,HERIDOS,0,CHOQUE,0,0,Saturday,12,1,2024,12,diciembre,,
2024-12-05,A001652021,KILOMETRO 0+500 MTS   - VEREDA EL PLAYON  EL CENTRO,SIN INFORMACIÓN,1,0,MUERTOS,1,CHOQUE,1,0,Thursday,12,0,2024,12,diciembre,,
2024-12-09,A001704772,CARRERA 31 CALLE 16C  -  BACHUE,BACHUE,2,2,HERIDOS,0,CHOQUE,0,0,Monday,12,0,2024,12,diciembre,,
2024-12-06,A001652023,CARRERA 47 N: 18 -35       -  COLINAS,COLINAS,1,1,HERIDOS,0,ATROPELLO,0,0,Friday,12,0,2024,12,diciembre,,
2024-12-11,A001704771,CALLE 16 CARRERA 6 -  POPULAR,POPULAR,2,3,HERIDOS,0,CHOQUE,0,0,Wednesday,12,0,2024,12,diciembre,3.9854568,-73.7597031
2024-12-11,A001704770,DIAGONAL 15 N. 29B-03  -,SIN INFORMACIÓN,2,1,HERIDOS,0,CHOQUE,0,0,Wednesday,12,0,2024,12,diciembre,,
2024-12-14,A001704706,CALLE 14 CARRERA 40-15 -  INDEPENDENCIA RANCHO GRANDE,INDEPENDENCIA,2,2,HERIDOS,0,CHOQUE,0,0,Saturday,12,1,2024,12,diciembre,3.985851,-73.7787589
2024-12-16,A001704711,KILOMETRO 4 VIA GRAVICOL  -,SIN INFORMACIÓN,1,0,DAÃ‘OS MATERIALES,0,CHOQUE,0,0,Monday,12,0,2024,12,diciembre,,
2024-12-14,A001704707,CALLE 15 CARRERA 19 -  CENTRO,CENTRO,2,1,HERIDOS,0,CHOQUE,0,0,Saturday,12,1,2024,12,diciembre,3.9601604,-73.7585291
2024-12-14,A001704708,CALLE 18 CARRERA 12 -  VILLA TERESA,VILLA TERESA,2,3,HERIDOS,0,CHOQUE,0,0,Saturday,12,1,2024,12,diciembre,,
2024-12-18,A001704709,CALLE 10A CARRERA  27 -  SIN INFORMACIÃ“N DEL BARRIO,SIN INFORMACIÓN,2,3,HERIDOS,0,CHOQUE,0,0,Wednesday,12,0,2024,12,diciembre,,
2024-12-18,A001704710,CALLE 17 N.16 -03  -  SAN CRISTOBAL,SAN CRISTOBAL,2,1,HERIDOS,0,CHOQUE,0,0,Wednesday,12,0,2024,12,diciembre,4.0049364,-73.8336221
2024-12-21,A001704712,CALLE 15 N. 20 -04  -  COOPERATIVO,COOPERATIVO,2,1,HERIDOS,0,CHOQUE,0,0,Saturday,12,1,2024,12,diciembre,3.9876057,-73.7645413
2024-12-23,A001704713,CARRERA 14 N.19 -87  -  SIN INFORMACIÃ“N DEL BARRIO,SIN INFORMACIÓN,2,2,HERIDOS,0,CHOQUE,0,0,Monday,12,0,2024,12,diciembre,,
2024-12-22,C-001589342,KILOMETRO 47+260   - CODESOLA VÃA GRANADA-VILLAVICENCIO,VÍA GRANADA-VILLAVICENCIO,3,3,MUERTOS,3,CHOQUE,1,0,Sunday,12,1,2024,12,diciembre,,
2023-01-01,A001456884,CARRERA 14 CALL 6  VIA LA ESMERALDA  SIN INFORMACIÃ“N DEL BARRIO,SIN INFORMACIÓN,1,1,HERIDOS,0,ATROPELLO,0,0,Sunday,1,1,2023,1,enero,,
2022-01-01,A001456885,AVENIDA 23 N: 28-19 -  VILLA LUCIA,VILLA LUCIA,2,2,HERIDOS,0,CHOQUE,0,0,Saturday,1,1,2022,1,enero,,
2023-01-02,A001456886,KILOMETRO 26+800 MTS   -  VÃA GRANADA-VILLAVICENCIO,VÍA GRANADA-VILLAVICENCIO,2,1,HERIDOS,0,CHOQUE,0,0,Monday,1,0,2023,1,enero,,
2023-01-08,A001456887,CALLE 13 CARRERA 15 -  CENTRO,CENTRO,2,1,HERIDOS,0,CHOQUE,0,0,Sunday,1,1,2023,1,enero,3.9601604,-73.7585291
2023-01-10,A001456888,CALLE 13 CARRERA 21 -  SIN INFORMACIÃ“N DEL BARRIO,SIN INFORMACIÓN,2,1,HERIDOS,0,CHOQUE,0,0,Tuesday,1,0,2023,1,enero,,
2023-01-01,A001456889,CALLE 16A N 27-33 -  SIN INFORMACIÃ“N DEL BARRIO,SIN INFORMACIÓN,2,1,HERIDOS,0,CHOQUE,0,0,Sunday,1,1,2023,1,enero,,
2023-01-15,A001456890,DIAGONAL 6 N 29A-97  BARRIO PANORAMA,SIN INFORMACIÓN,1,2,HERIDOS,0,CHOQUE,0,0,Sunday,1,1,2023,1,enero,,
2023-01-19,A001456891,AVENIDA 23 CARRERA  30 -  LA ORQUIDEA REAL,LA ORQUIDEA REAL,2,1,HERIDOS,0,CHOQUE,0,0,Thursday,1,0,2023,1,enero,,
2023-01-20,A001456892,CARRERA 31 # 16F -80  -  BACHUE,BACHUE,2,1,HERIDOS,0,CHOQUE,0,0,Friday,1,0,2023,1,enero,,
2023-01-20,A001456893,CARRERA 23 N 12-20 -  DORADO,DORADO,1,1,HERIDOS,0,ATROPELLO,0,0,Friday,1,0,2023,1,enero,3.9851539,-73.7681515
2023-01-28,A001456894,CALLE 14 N 24-20 -  SAN JOSÃ‰,SAN JOSÉ,2,3,HERIDOS,0,CHOQUE,0,0,Saturday,1,1,2023,1,enero,3.9904639,-73.770546
2023-01-14,C-001565422,KILOMETRO 45+500 MTS   SECTOR VAQUEROS   VÃA GRANADA-VILLAVICENCIO,VÍA GRANADA-VILLAVICENCIO,2,1,HERIDOS,0,CHOQUE,0,0,Saturday,1,1,2023,1,enero,,
2023-01-24,C-001565432,KILOMETRO 56+500 MTS   SECTOR GUAYURIBA  VÃA GRANADA-VILLAVICENCIO,VÍA GRANADA-VILLAVICENCIO,1,2,HERIDOS,0,ATROPELLO,0,0,Tuesday,1,0,2023,1,enero,,
2023-01-27,C-001565437,KILOMETRO 45+700 MTS   SECTOR CHICHIMENE  VÃA GRANADA-VILLAVICENCIO,VÍA GRANADA-VILLAVICENCIO,2,1,MUERTOS,1,CHOQUE,1,0,Friday,1,0,2023,1,enero,,
2023-02-01,A001456895,CARRERA 36 CALLE 12A-152 -  INDEPENDENCIA,INDEPENDENCIA,2,2,HERIDOS,0,CHOQUE,0,0,Wednesday,2,0,2023,2,febrero,3.985851,-73.7787589
2023-02-02,A001456896,CARRERA 47 CALLE 16 INTERS -  COLINAS,COLINAS,2,1,HERIDOS,0,CHOQUE,0,0,Thursday,2,0,2023,2,febrero,,
2023-02-05,A001456899,CALLE 12 CARRERA  38 -  INDEPENDENCIA,INDEPENDENCIA,2,1,HERIDOS,0,CHOQUE,0,0,Sunday,2,1,2023,2,febrero,3.985851,-73.7787589
2023-02-04,A001456900,CALLE 18 CARRERA  19 -  MANCERA,MANCERA,2,1,HERIDOS,0,CHOQUE,0,0,Saturday,2,1,2023,2,febrero,3.9919826,-73.7594884
2023-02-04,A001456897,CALLE 15 CARRERA 17  -  CENTRO,CENTRO,1,1,HERIDOS,0,ATROPELLO,0,0,Saturday,2,1,2023,2,febrero,3.9601604,-73.7585291
2023-02-06,A001456898,CALLE 14 CARRERA 23 -  COOPERATIVO,COOPERATIVO,2,0,DAÃ‘OS MATERIALES,0,CHOQUE,0,0,Monday,2,0,2023,2,febrero,3.9876057,-73.7645413
2023-02-07,A001456902,CARRERA 14 CALLE  19 -  SAN CRISTOBAL,SAN CRISTOBAL,2,3,HERIDOS,0,CHOQUE,0,0,Tuesday,2,0,2023,2,febrero,4.0049364,-73.8336221
2023-02-06,A001456901,CALLE 16B CARRERA 31 -  BACHUE,BACHUE,2,2,HERIDOS,0,CHOQUE,0,0,Monday,2,0,2023,2,febrero,,
2023-02-07,A001456903,CARRERA 23 CALLE  17 -  MANCERA,MANCERA,2,1,HERIDOS,0,CHOQUE,0,0,Tuesday,2,0,2023,2,febrero,3.9919826,-73.7594884
2023-02-09,A001456904,CALLE 14 N. 30-59 -  BACHUE,BACHUE,1,1,HERIDOS,0,ATROPELLO,0,0,Thursday,2,0,2023,2,febrero,,
2023-02-12,A001576685,CALLE 16 N. 17-73 -  SIN INFORMACIÃ“N DEL BARRIO,SIN INFORMACIÓN,1,2,HERIDOS,0,ATROPELLO,0,0,Sunday,2,1,2023,2,febrero,,
2023-02-11,A001576684,KILOMETRO 21 VIA ACACIAS /DINAMARCA  CAÃ‘O HONDO,SIN INFORMACIÓN,1,1,HERIDOS,0,CHOQUE,0,0,Saturday,2,1,2023,2,febrero,,
2023-02-12,A001576686,KILOMETRO 21+400 MTS   VEREDA TRIUNFO   EL TRIUNFO,SIN INFORMACIÓN,1,1,HERIDOS,0,CHOQUE,0,0,Sunday,2,1,2023,2,febrero,,
2023-02-19,A001576688,KILOMETRO 6+900 MTS VIA ANTIGUA GUAMAL,SIN INFORMACIÓN,2,2,HERIDOS,0,CHOQUE,0,0,Sunday,2,1,2023,2,febrero,,
2023-02-21,A001576689,CALLE 13 CARRERA 21   SIN INFORMACIÃ“N DEL BARRIO,SIN INFORMACIÓN,2,1,HERIDOS,0,CHOQUE,0,0,Tuesday,2,0,2023,2,febrero,,
2023-02-22,A001576690,CALLE 18 N 44937   VILLA TERESA,VILLA TERESA,1,1,HERIDOS,0,ATROPELLO,0,0,Wednesday,2,0,2023,2,febrero,,
2023-02-18,A001576687,KILOMETRO 3+100 MTS VIA BAQUEOS CHICHIMENE     LOMA DE TIGRE,SIN INFORMACIÓN,1,1,HERIDOS,0,CHOQUE,0,0,Saturday,2,1,2023,2,febrero,,
2023-02-22,A001576691,CALLE 14 CARRERA  33   BACHUE,BACHUE,2,1,HERIDOS,0,CHOQUE,0,0,Wednesday,2,0,2023,2,febrero,,
2023-02-04,C-001565444,KILOMETRO 53+700 MTS     VÃA GRANADA-VILLAVICENCIO,VÍA GRANADA-VILLAVICENCIO,2,1,HERIDOS,0,CHOQUE,0,0,Saturday,2,1,2023,2,febrero,,
2023-02-06,C-001565448,KILOMETRO 56+100 MTS     VÃA GRANADA-VILLAVICENCIO,VÍA GRANADA-VILLAVICENCIO,2,1,HERIDOS,0,CHOQUE,0,0,Monday,2,0,2023,2,febrero,,
2023-02-25,C-001566185,KILOMETRO 56+750 MTS     VÃA GRANADA-VILLAVICENCIO,VÍA GRANADA-VILLAVICENCIO,2,2,HERIDOS,0,CHOQUE,0,0,Saturday,2,1,2023,2,febrero,,
2023-03-11,A001576696,CALLE 15 CARR  28   BACHUE,BACHUE,2,2,HERIDOS,0,CHOQUE,0,0,Saturday,3,1,2023,3,marzo,,
2023-03-11,A001576694,CALLE 11 N.28A -27     LAS ACACIAS,LAS ACACIAS,1,1,HERIDOS,0,ATROPELLO,0,0,Saturday,3,1,2023,3,marzo,4.0900381,-73.6692468
2023-03-10,A001576695,CALLE 15 CARRERA 32   BACHUE,BACHUE,2,1,HERIDOS,0,CHOQUE,0,0,Friday,3,0,2023,3,marzo,,
2023-03-10,A001576693,CALLE 18 N 16-02    SAN CRISTOBAL,SAN CRISTOBAL,2,2,HERIDOS,0,CHOQUE,0,0,Friday,3,0,2023,3,marzo,4.0049364,-73.8336221
2023-03-05,A001576692,DIAGONAL 5 N: 17-203    SIN INFORMACIÃ“N DEL BARRIO,SIN INFORMACIÓN,2,2,HERIDOS,0,CHOQUE,0,0,Sunday,3,1,2023,3,marzo,,
2023-03-14,A001576698,CALLE 14 CARRERA  21   SIN INFORMACIÃ“N DEL BARRIO,SIN INFORMACIÓN,2,1,HERIDOS,0,CHOQUE,0,0,Tuesday,3,0,2023,3,marzo,,
2023-03-14,A001576697,CALLE 14 CARRERA 20   SIN INFORMACIÃ“N DEL BARRIO,SIN INFORMACIÓN,1,1,HERIDOS,0,ATROPELLO,0,0,Tuesday,3,0,2023,3,marzo,,
2023-03-20,A001576702,CALLE 11 CARRERA 24   SIN INFORMACIÃ“N DEL BARRIO,SIN INFORMACIÓN,2,2,HERIDOS,0,CHOQUE,0,0,Monday,3,0,2023,3,marzo,,
2023-03-19,A001576701,CARRERA 36 N. 12A-146   INDEPENDENCIA,INDEPENDENCIA,2,2,HERIDOS,0,CHOQUE,0,0,Sunday,3,1,2023,3,marzo,3.985851,-73.7787589
2023-03-17,A001576699,CALLE 14 CARRERA 33   SIN INFORMACIÃ“N DEL BARRIO,SIN INFORMACIÓN,2,3,HERIDOS,0,CHOQUE,0,0,Friday,3,0,2023,3,marzo,,
2023-03-17,A001576700,AVENIDA 23 N- 28B-05   VILLA DEL LLANO,VILLA DEL LLANO,2,1,HERIDOS,0,CHOQUE,0,0,Friday,3,0,2023,3,marzo,,
2023-03-22,A001576703,CALLE 15 CARRERA 22   SIN INFORMACIÃ“N DEL BARRIO,SIN INFORMACIÓN,2,2,HERIDOS,0,CHOQUE,0,0,Wednesday,3,0,2023,3,marzo,,
2023-03-24,A001576704,CARRERA 21 N 14-36   COOPERATIVO,COOPERATIVO,1,1,HERIDOS,0,ATROPELLO,0,0,Friday,3,0,2023,3,marzo,3.9876057,-73.7645413
2023-03-28,A001576705,CALLE 14 N. 21-94   COOPERATIVO,COOPERATIVO,1,1,HERIDOS,0,ATROPELLO,0,0,Tuesday,3,0,2023,3,marzo,3.9876057,-73.7645413
2023-04-04,A001576706,AVENIDA 23 CARRERA 29A   SIN INFORMACIÃ“N DEL BARRIO,SIN INFORMACIÓN,2,2,HERIDOS,0,CHOQUE,0,0,Tuesday,4,0,2023,4,abril,,
2023-04-04,A0015767707,CARRERA 14 CALLE 18   SAN CRISTOBAL,SAN CRISTOBAL,2,1,HERIDOS,0,CHOQUE,0,0,Tuesday,4,0,2023,4,abril,4.0049364,-73.8336221
2023-04-07,A001576708,CALLE 13 CARRERA  14   SIN INFORMACIÃ“N DEL BARRIO,SIN INFORMACIÓN,2,1,HERIDOS,0,CHOQUE,0,0,Friday,4,0,2023,4,abril,,
2023-04-11,A001576709,AVENIDA 23 FRENTE ALA ELECTRIFICADORA    SIN INFORMACIÃ“N DEL BARRIO,SIN INFORMACIÓN,2,1,HERIDOS,0,CHOQUE,0,0,Tuesday,4,0,2023,4,abril,,
2023-04-12,A001576710,CARRERA 23 N. 15-38   COOPERATIVO,COOPERATIVO,1,1,HERIDOS,0,ATROPELLO,0,0,Wednesday,4,0,2023,4,abril,3.9876057,-73.7645413
2023-04-13,A001576711,CALLE 14 CARRERA  34   BACHUE,BACHUE,2,1,HERIDOS,0,CHOQUE,0,0,Thursday,4,0,2023,4,abril,,
2023-04-17,A001576712,DIAGONAL 15 CARRERA 25   SIN INFORMACIÃ“N DEL BARRIO,SIN INFORMACIÓN,2,2,HERIDOS,0,CHOQUE,0,0,Monday,4,0,2023,4,abril,,
2023-04-20,A001576714,KILOMETRO 4 VIA DINAMARACA     SANTA TERESITA,SIN INFORMACIÓN,2,0,DAÃ‘OS MATERIALES,0,CHOQUE,0,0,Thursday,4,0,2023,4,abril,,
2023-04-19,A001576713,CARRERA 23 N 5-95   PABLO EMILIO RIVEROS,PABLO EMILIO RIVEROS,2,1,HERIDOS,0,CHOQUE,0,0,Wednesday,4,0,2023,4,abril,3.9813847,-73.7668931
2023-04-24,A001576715,CALLE 12 CARRERA 33   SIN INFORMACIÃ“N DEL BARRIO,SIN INFORMACIÓN,2,1,HERIDOS,0,CHOQUE,0,0,Monday,4,0,2023,4,abril,,
2023-04-24,A001576716,AVENIDA 23 CARRERA 27A   SIN INFORMACIÃ“N DEL BARRIO,SIN INFORMACIÓN,2,1,HERIDOS,0,CHOQUE,0,0,Monday,4,0,2023,4,abril,,
2023-04-03,C.OO1566211,KILOMETRO 47+690 MTS     VÃA GRANADA-VILLAVICENCIO,VÍA GRANADA-VILLAVICENCIO,2,1,HERIDOS,0,CHOQUE,0,0,Monday,4,0,2023,4,abril,,
2023-04-02,C.001566210,KILOMETRO 47+690 MTS     VÃA GRANADA-VILLAVICENCIO EL CENTRO,VÍA GRANADA-VILLAVICENCIO,2,2,HERIDOS,0,CHOQUE,0,0,Sunday,4,1,2023,4,abril,,
2023-04-19,C.001566222,KILOMETRO 56+570 MTS     VÃA GRANADA-VILLAVICENCIO,VÍA GRANADA-VILLAVICENCIO,1,0,MUERTOS,1,CHOQUE,1,0,Wednesday,4,0,2023,4,abril,,
2023-05-03,A001576717,AVENIDA 23 FRENTE 29-15    SIN INFORMACIÃ“N DEL BARRIO,SIN INFORMACIÓN,2,2,HERIDOS,0,CHOQUE,0,0,Wednesday,5,0,2023,5,mayo,,
2023-05-07,A001576721,DIAGONAL 15 N 29A-21    VILLA LUCIA,VILLA LUCIA,1,2,HERIDOS,0,ATROPELLO,0,0,Sunday,5,1,2023,5,mayo,,
2023-05-06,A001576719,CALLE 11 CARRERA 26   SIN INFORMACIÃ“N DEL BARRIO,SIN INFORMACIÓN,2,1,HERIDOS,0,CHOQUE,0,0,Saturday,5,1,2023,5,mayo,,
2023-05-07,A001576720,DIAGONAL 5 N 17-07    PABLO EMILIO RIVEROS,PABLO EMILIO RIVEROS,2,2,HERIDOS,0,ATROPELLO,0,0,Sunday,5,1,2023,5,mayo,3.9813847,-73.7668931
2023-05-04,A001576718,CALLE 14 CARRERA  45251   COOPERATIVO,COOPERATIVO,1,2,HERIDOS,0,ATROPELLO,0,0,Thursday,5,0,2023,5,mayo,3.9876057,-73.7645413
2023-05-11,A001576722,DIAGONAL 15 CARRERA 43 COLONIA PENAL,SIN INFORMACIÓN,2,2,HERIDOS,0,CHOQUE,0,0,Thursday,5,0,2023,5,mayo,,
2023-05-14,A001576725,KILOMETRO 23 +039 MTS      EL RESGUARDO,SIN INFORMACIÓN,2,0,DAÃ‘OS MATERIALES,0,CHOQUE,0,0,Sunday,5,1,2023,5,mayo,,
2023-05-12,A001576723,CALLE 14 N 22-25    COOPERATIVO,COOPERATIVO,2,2,HERIDOS,0,CHOQUE,0,0,Friday,5,0,2023,5,mayo,3.9876057,-73.7645413
2023-05-14,A001576724,CALLE 11 N 28-03    LAS ACACIAS,LAS ACACIAS,2,2,HERIDOS,0,CHOQUE,0,0,Sunday,5,1,2023,5,mayo,4.0900381,-73.6692468
2023-05-16,A001576726,CALLE 10A CARRERA 26   SIN INFORMACIÃ“N DEL BARRIO,SIN INFORMACIÓN,2,2,HERIDOS,0,CHOQUE,0,0,Tuesday,5,0,2023,5,mayo,,
2023-05-22,A001576729,KILOMETRO 23+580 MTS DIAGONAL MANGA DE COLEO    VÃA GRANADA-VILLAVICENCIO,VÍA GRANADA-VILLAVICENCIO,2,3,HERIDOS,0,CHOQUE,0,0,Monday,5,0,2023,5,mayo,,
2023-05-20,A001576727,CALLE 14 CARRERA 35   BACHUE,BACHUE,2,1,HERIDOS,0,CHOQUE,0,0,Saturday,5,1,2023,5,mayo,,
2023-05-19,A001576728,CARRERA 23 DIAGONAL  15   SIN INFORMACIÃ“N DEL BARRIO,SIN INFORMACIÓN,2,3,HERIDOS,0,CHOQUE,0,0,Friday,5,0,2023,5,mayo,,
2023-05-21,C-001582243,KILOMETRO 57+700 MTS     VÃA GRANADA-VILLAVICENCIO,VÍA GRANADA-VILLAVICENCIO,2,0,MUERTOS,2,CHOQUE,1,0,Sunday,5,1,2023,5,mayo,,
2023-05-23,C-001582244,KILOMETRO 57+650 MTS     VÃA GRANADA-VILLAVICENCIO,VÍA GRANADA-VILLAVICENCIO,2,0,MUERTOS,1,CHOQUE,1,0,Tuesday,5,0,2023,5,mayo,,
2023-05-29,A001576731,CARRERA 16 CALLE  17   SAN CRISTOBAL,SAN CRISTOBAL,2,2,HERIDOS,0,CHOQUE,0,0,Monday,5,0,2023,5,mayo,4.0049364,-73.8336221
2023-05-27,A001576730,KILOMETRO 3+200 MTS VIA GRAVICON,SIN INFORMACIÓN,2,0,DAÃ‘OS MATERIALES,0,CHOQUE,0,0,Saturday,5,1,2023,5,mayo,,
2023-05-30,C-001582252,KILOMETRO 47+500 MTS,SIN INFORMACIÓN,2,1,HERIDOS,0,CHOQUE,0,0,Tuesday,5,0,2023,5,mayo,,
2023-05-30,A001576732,CARRERA 23 N 27A-25    SIN INFORMACIÃ“N DEL BARRIO,SIN INFORMACIÓN,2,1,HERIDOS,0,CHOQUE,0,0,Tuesday,5,0,2023,5,mayo,,
2023-06-07,A001576733,DIAGONAL 15 N. 22-54,SIN INFORMACIÓN,3,3,HERIDOS,0,CHOQUE,0,0,Wednesday,6,0,2023,6,junio,,
2023-06-08,A001576734,KILOMETRO 26 + 800 MTS VIA VILLAVICENCIO    VÃA ACACÃAS-VILLAVICENCIO,VÍA ACACÍAS-VILLAVICENCIO,2,2,HERIDOS,0,CHOQUE,0,0,Thursday,6,0,2023,6,junio,4.0496448,-73.7653564
2023-06-12,A001576735,CALLE 18 CON 15 INTERSECCION    SIN INFORMACIÃ“N DEL BARRIO,SIN INFORMACIÓN,2,3,HERIDOS,0,CHOQUE,0,0,Monday,6,0,2023,6,junio,,
2023-06-22,A001576736,CALLE 14 # 20    CENTRO,CENTRO,1,1,HERIDOS,0,ATROPELLO,0,0,Thursday,6,0,2023,6,junio,3.9601604,-73.7585291
2023-06-23,A001576737,CALLE 11 33-12    SAMAN,SAMAN,2,2,HERIDOS,0,CHOQUE,0,0,Friday,6,0,2023,6,junio,,
2023-06-24,A001576738,CALLE 14 CARRERA  15   CENTRO,CENTRO,2,2,HERIDOS,0,CHOQUE,0,0,Saturday,6,1,2023,6,junio,3.9601604,-73.7585291
2023-06-28,A001576739,CARRERA 23 N.18-24    MANCERA,MANCERA,1,0,MUERTOS,1,CHOQUE,1,0,Wednesday,6,0,2023,6,junio,3.9919826,-73.7594884
2023-06-25,C-0015882267,KILOMETRO 46+690 MTS     VÃA GRANADA-VILLAVICENCIO,VÍA GRANADA-VILLAVICENCIO,2,1,HERIDOS,0,CHOQUE,0,0,Sunday,6,1,2023,6,junio,,
2023-06-30,A001576740,CALLE 17 CARRERA 6   POPULAR,POPULAR,2,1,HERIDOS,0,CHOQUE,0,0,Friday,6,0,2023,6,junio,3.9854568,-73.7597031
2023-07-04,A001576741,AVENIDA 23 N. 27B-30B    SIN INFORMACIÃ“N DEL BARRIO,SIN INFORMACIÓN,2,1,HERIDOS,0,CHOQUE,0,0,Tuesday,7,0,2023,7,julio,,
2023-07-10,A001576743,CARRERA 45A CALLE 16   COLINAS,COLINAS,2,1,HERIDOS,0,CHOQUE,0,0,Monday,7,0,2023,7,julio,,
2023-07-07,A001576742,CALLE 10A CARRERA 25   SIN INFORMACIÃ“N DEL BARRIO,SIN INFORMACIÓN,2,2,HERIDOS,0,CHOQUE,0,0,Friday,7,0,2023,7,julio,,
2023-07-12,A001576744,LOTE N 2 VIA CHICHCIMENE  FRENTE  FINCA SAN ANTONIO    LOMA DE TIGRE,SIN INFORMACIÓN,2,2,HERIDOS,0,CHOQUE,0,0,Wednesday,7,0,2023,7,julio,,
2023-07-14,A001576745,CALLE 12 CARRERA 24   DORADO,DORADO,2,2,HERIDOS,0,CHOQUE,0,0,Friday,7,0,2023,7,julio,3.9851539,-73.7681515
2023-07-16,A001576746,KILOMETRO 2 VIA VAQUEROS -CHICHIMENE     SAN ISIDRO DE CHICHIMENE,SIN INFORMACIÓN,2,2,HERIDOS,0,CHOQUE,0,0,Sunday,7,1,2023,7,julio,,
2023-07-18,A001576747,CALLE 23 N-19-03   ARAGUANEY,SIN INFORMACIÓN,2,2,HERIDOS,0,CHOQUE,0,0,Tuesday,7,0,2023,7,julio,,
2023-07-21,A001576749,KILOMETRO 1 FINCA PORVENIR   VEREDA SAN NICOLAS,SIN INFORMACIÓN,2,1,HERIDOS,0,CHOQUE,0,0,Friday,7,0,2023,7,julio,,
2023-07-19,A001576748,CALLE 18 CARRERA 5   POPULAR,POPULAR,2,1,HERIDOS,0,CHOQUE,0,0,Wednesday,7,0,2023,7,julio,3.9854568,-73.7597031
2023-07-22,A001576750,CALLE 10A CARRERA 25  B/EVEREST,SIN INFORMACIÓN,3,1,HERIDOS,0,CHOQUE,0,0,Saturday,7,1,2023,7,julio,,
2023-07-24,A001576751,CALLE 12 CARRERA 33   SIN INFORMACIÃ“N DEL BARRIO,SIN INFORMACIÓN,2,1,HERIDOS,0,CHOQUE,0,0,Monday,7,0,2023,7,julio,,
2023-07-26,A001576752,KILOMETRO 4 DSDE COLEGIO JUAN ROZO VIA GRAVICON,SIN INFORMACIÓN,2,0,DAÃ‘OS MATERIALES,0,CHOQUE,0,0,Wednesday,7,0,2023,7,julio,,
2023-07-28,A001576753,CALLE 11 CRA 27 -36    LAS ACACIAS,LAS ACACIAS,2,1,HERIDOS,0,CHOQUE,0,0,Friday,7,0,2023,7,julio,4.0900381,-73.6692468
2023-08-02,A001576754,CALLE 23 CARRERA 24   LA TIZA,LA TIZA,2,1,HERIDOS,0,CHOQUE,0,0,Wednesday,8,0,2023,8,agosto,,
2023-08-03,A001576755,CARRERA 17 CALLE  21-49  B/ARAGUANEY,SIN INFORMACIÓN,2,0,HERIDOS,0,CHOQUE,0,0,Thursday,8,0,2023,8,agosto,,
2023-08-06,A001576757,DIAGONAL 15 N: 32-20    VILLA CASTILLA,VILLA CASTILLA,2,0,DAÃ‘OS MATERIALES,0,CHOQUE,0,0,Sunday,8,1,2023,8,agosto,,
2023-08-04,A001576756,CARRERA 23 N. 18-63    MANCERA,MANCERA,3,1,HERIDOS,0,CHOQUE,0,0,Friday,8,0,2023,8,agosto,3.9919826,-73.7594884
2023-08-12,A001576758,CALLE 14 CARRERA 35-23   INDEPENDENCIA,INDEPENDENCIA,2,1,HERIDOS,0,CHOQUE,0,0,Saturday,8,1,2023,8,agosto,3.985851,-73.7787589
2023-08-16,A001576759,CALLE 14 CARRERA 21   SIN INFORMACIÃ“N DEL BARRIO,SIN INFORMACIÓN,2,1,HERIDOS,0,CHOQUE,0,0,Wednesday,8,0,2023,8,agosto,,
2023-08-18,A001576760,KILOMETRO 3+700MTS VIA ACACIAS  VEREDA LA ESMERALDA     ESMERALDA,SIN INFORMACIÓN,2,3,HERIDOS,0,CHOQUE,0,0,Friday,8,0,2023,8,agosto,,
2023-08-20,A001576761,KILOMETRO 3+100 MTS      ESMERALDA,SIN INFORMACIÓN,2,1,MUERTOS,1,CHOQUE,1,0,Sunday,8,1,2023,8,agosto,,
2023-08-20,A001576762,KILOMETRO 22+450 MTS VIA DINAMARCA,SIN INFORMACIÓN,2,1,HERIDOS,0,CHOQUE,0,0,Sunday,8,1,2023,8,agosto,,
2023-08-22,A001576763,CARRERA 31 CALLE 16   BACHUE,BACHUE,2,2,HERIDOS,0,CHOQUE,0,0,Tuesday,8,0,2023,8,agosto,,
2023-08-26,A001576764,CALLE 11 CARRERA 25   DORADO,DORADO,2,1,HERIDOS,0,CHOQUE,0,0,Saturday,8,1,2023,8,agosto,3.9851539,-73.7681515
2023-09-07,A001576765,CARRERA 23 # 23-30 EDS MARIA ALEJANDRA    SIN INFORMACIÃ“N DEL BARRIO,SIN INFORMACIÓN,2,0,MUERTOS,1,CHOQUE,1,0,Thursday,9,0,2023,9,septiembre,,
2023-09-09,A001576768,CARRERA 30 CALLE 10A BARRIO PANORAMA II,SIN INFORMACIÓN,2,3,HERIDOS,0,CHOQUE,0,0,Saturday,9,1,2023,9,septiembre,,
2023-09-11,A001602209,AVENIDA 23 CARRERA 30   SIN INFORMACIÃ“N DEL BARRIO,SIN INFORMACIÓN,2,1,HERIDOS,0,CHOQUE,0,0,Monday,9,0,2023,9,septiembre,,
2023-09-07,A001576766,CARRERA 29 # 18A-40     SIN INFORMACIÃ“N DEL BARRIO,SIN INFORMACIÓN,2,1,HERIDOS,0,CHOQUE,0,0,Thursday,9,0,2023,9,septiembre,,
2023-09-08,A001576767,CARRERA 13 #  12.44    JUAN MELLAO,JUAN MELLAO,2,1,HERIDOS,0,CHOQUE,0,0,Friday,9,0,2023,9,septiembre,,
2023-09-16,A001602211,AVENIDA 23 CARRERA 15   SIN INFORMACIÃ“N DEL BARRIO,SIN INFORMACIÓN,2,2,HERIDOS,0,CHOQUE,0,0,Saturday,9,1,2023,9,septiembre,,
2023-09-16,A001602210,CALLE 19 N 29A-34    SIN INFORMACIÃ“N DEL BARRIO,SIN INFORMACIÓN,2,5,HERIDOS,0,CHOQUE,0,0,Saturday,9,1,2023,9,septiembre,,
2023-09-18,A001602212,CARRERA 23 FRENTE ALA BIBLIOTECA MUNICIPAL    SIN INFORMACIÃ“N DEL BARRIO,SIN INFORMACIÓN,1,1,HERIDOS,0,ATROPELLO,0,0,Monday,9,0,2023,9,septiembre,,
2023-09-27,A001602213,KILOMETRO 1+100 MTS DESDE JUAN ROZO VIA DINAMARCA     SANTA TERESITA,SIN INFORMACIÓN,2,2,HERIDOS,0,CHOQUE,0,0,Wednesday,9,0,2023,9,septiembre,,
2023-09-28,A001602214,CALLE 18 CARRERA 18   SIN INFORMACIÃ“N DEL BARRIO,SIN INFORMACIÓN,2,1,HERIDOS,0,CHOQUE,0,0,Thursday,9,0,2023,9,septiembre,,
2023-10-01,A001602215,KILOMETRO 1 VIA ANTIGUA GUAMAL    RANCHO GRANDE,SIN INFORMACIÓN,1,0,MUERTOS,1,CHOQUE,1,0,Sunday,10,1,2023,10,octubre,,
2023-10-02,A001602216,CALLE 16 CARRERA 27   EL BOSQUE,EL BOSQUE,2,3,HERIDOS,0,CHOQUE,0,0,Monday,10,0,2023,10,octubre,,
2023-10-05,A001602218,KILOMETRO 8 VIA VAQUEROS CLUB  CHICHIMENE     SAN ISIDRO DE CHICHIMENE,SIN INFORMACIÓN,2,0,MUERTOS,1,CHOQUE,1,0,Thursday,10,0,2023,10,octubre,,
2023-10-04,C-001582322,KILOMETRO 45+340 MTS      LA CECILITA,SIN INFORMACIÓN,2,1,HERIDOS,0,CHOQUE,0,0,Wednesday,10,0,2023,10,octubre,,
2023-10-05,A001602217,CALLE 11 N 27 -19   LAS ACACIAS,LAS ACACIAS,2,2,HERIDOS,0,CHOQUE,0,0,Thursday,10,0,2023,10,octubre,4.0900381,-73.6692468
2023-10-07,A001602219,KILOMETRO 14 VIA  Dinamrca     MONTELIBANO BAJO,SIN INFORMACIÓN,2,0,MUERTOS,1,CHOQUE,1,0,Saturday,10,1,2023,10,octubre,,
2023-10-11,A001602220,CALLE 11 CARRERA 38   INDEPENDENCIA,INDEPENDENCIA,2,2,HERIDOS,0,CHOQUE,0,0,Wednesday,10,0,2023,10,octubre,3.985851,-73.7787589
2023-10-13,C-00158479,KILOMETRO 46+970 MTS VIA VILLAVICENCIO GRANADA  SECTOR CODE SOLA,SIN INFORMACIÓN,2,0,MUERTOS,2,CHOQUE,1,0,Friday,10,0,2023,10,octubre,,
2023-10-14,A001602221,CALLE 41 ENTRE LA DIAGONAL 15 Y AVENIDA 23  FRENTE ALA  NORMAL SUPERIOR,SIN INFORMACIÓN,1,1,HERIDOS,0,ATROPELLO,0,0,Saturday,10,1,2023,10,octubre,,
2023-10-15,A001602222,CALLE 14 CARRERA 34   BACHUE,BACHUE,2,1,HERIDOS,0,CHOQUE,0,0,Sunday,10,1,2023,10,octubre,,
2023-10-16,A001602223,CARRERA 23 N . 27-33 VILLA CLAUDIA BARRIO,SIN INFORMACIÓN,1,3,HERIDOS,0,ATROPELLO,0,0,Monday,10,0,2023,10,octubre,,
2023-10-19,A001602224,AVENIDA 23 N 33-25   SIN INFORMACIÃ“N DEL BARRIO,SIN INFORMACIÓN,2,2,HERIDOS,0,CHOQUE,0,0,Thursday,10,0,2023,10,octubre,,
2023-10-21,A001602225,CALLE 15 CARRERA 17   CENTRO,CENTRO,2,1,HERIDOS,0,CHOQUE,0,0,Saturday,10,1,2023,10,octubre,3.9601604,-73.7585291
2023-10-22,A001602226,AVENIDA 23 CALLE  11   SIN INFORMACIÃ“N DEL BARRIO,SIN INFORMACIÓN,2,1,HERIDOS,0,CHOQUE,0,0,Sunday,10,1,2023,10,octubre,,
2023-10-23,A001602227,DIAGONAL 15 CARRRA  26A   SIN INFORMACIÃ“N DEL BARRIO,SIN INFORMACIÓN,1,2,HERIDOS,0,OTRO,0,0,Monday,10,0,2023,10,octubre,,
2023-10-23,A001602228,KILOMETRO 24+450 MTS     VÃA ACACÃAS-DINAMARCA,VÍA ACACÍAS-DINAMARCA,2,3,HERIDOS,0,CHOQUE,0,0,Monday,10,0,2023,10,octubre,,
2023-10-29,A001602229,CALLE 19 CARRERA 16   SAN CRISTOBAL,SAN CRISTOBAL,1,1,HERIDOS,0,ATROPELLO,0,0,Sunday,10,1,2023,10,octubre,4.0049364,-73.8336221
2023-10-29,A001602230,KILOMETRO 1 VIA CRUCE VAQUEROS CHICHIMENE    LOMA DE TIGRE,SIN INFORMACIÓN,2,1,HERIDOS,0,CHOQUE,0,0,Sunday,10,1,2023,10,octubre,,
2023-10-31,A001602231,CALLE 14 N 26 -29  BARRIO SAN JOSE,SIN INFORMACIÓN,2,2,HERIDOS,0,CHOQUE,0,0,Tuesday,10,0,2023,10,octubre,,
2023-10-31,A001602232,CALLE 14 CARRERA 23   COOPERATIVO,COOPERATIVO,1,1,MUERTOS,1,ATROPELLO,1,0,Tuesday,10,0,2023,10,octubre,3.9876057,-73.7645413
2023-11-01,A001602233,CALLE 18 CARRERA 19   MANCERA,MANCERA,2,1,HERIDOS,0,CHOQUE,0,0,Wednesday,11,0,2023,11,noviembre,3.9919826,-73.7594884
2023-11-02,A001602234,KILOMETRO 3 VIA ACACIAS  DINAMARCA,SIN INFORMACIÓN,2,2,HERIDOS,0,CHOQUE,0,0,Thursday,11,0,2023,11,noviembre,,
2023-11-04,A001602236,CARRERA 33 CALLE 16C   BACHUE,BACHUE,2,2,HERIDOS,0,CHOQUE,0,0,Saturday,11,1,2023,11,noviembre,,
2023-11-03,A001602235,CALLE 10A CARRERA 28   SIN INFORMACIÃ“N DEL BARRIO,SIN INFORMACIÓN,2,1,HERIDOS,0,CHOQUE,0,0,Friday,11,0,2023,11,noviembre,,
2023-11-06,A001602237,CARRERA 17 N 16-32    SIN INFORMACIÃ“N DEL BARRIO,SIN INFORMACIÓN,2,2,HERIDOS,0,CHOQUE,0,0,Monday,11,0,2023,11,noviembre,,
2023-11-18,A001602240,AVENIDA 23 N 27B-30    SIN INFORMACIÃ“N DEL BARRIO,SIN INFORMACIÓN,2,1,HERIDOS,0,CHOQUE,0,0,Saturday,11,1,2023,11,noviembre,,
2023-11-16,A001602238,KILOMETRO 52+260 MTS     VÃA GRANADA-VILLAVICENCIO,VÍA GRANADA-VILLAVICENCIO,2,5,HERIDOS,0,CHOQUE,0,0,Thursday,11,0,2023,11,noviembre,,
2023-11-18,A001602239,CALLE 14 N. 18-56    CENTRO,CENTRO,2,1,HERIDOS,0,CHOQUE,0,0,Saturday,11,1,2023,11,noviembre,3.9601604,-73.7585291
2023-11-27,A001602241,CALLE 14 CARRERA 33   SIN INFORMACIÃ“N DEL BARRIO,SIN INFORMACIÓN,2,0,MUERTOS,1,CHOQUE,1,0,Monday,11,0,2023,11,noviembre,,
2023-11-27,A001602242,CALLE 19 CARRERA 18   MANCERA,MANCERA,2,1,HERIDOS,0,CHOQUE,0,0,Monday,11,0,2023,11,noviembre,3.9919826,-73.7594884
2023-11-28,A001602243,AVENIDA 23 CALLE 19   ATAHUALPA,ATAHUALPA,2,1,HERIDOS,0,CHOQUE,0,0,Tuesday,11,0,2023,11,noviembre,,
2023-11-29,A001602244,KILOMETRO 18+850 MTS VIA ACACIAS -SAN CARLOS DE GUAROA     SANTA ROSA,SIN INFORMACIÓN,2,1,HERIDOS,0,CHOQUE,0,0,Wednesday,11,0,2023,11,noviembre,,
2023-12-02,A006102247,CARRERA 23 N 14-30    COOPERATIVO,COOPERATIVO,2,2,HERIDOS,0,CHOQUE,0,0,Saturday,12,1,2023,12,diciembre,3.9876057,-73.7645413
2023-12-03,A001602249,CALLE 17 N .8 -57   B/PALERMO,SIN INFORMACIÓN,2,2,HERIDOS,0,CHOQUE,0,0,Sunday,12,1,2023,12,diciembre,,
2023-12-01,A001602246,CALLE 12 CARRERA 28   SAMAN,SAMAN,2,2,HERIDOS,0,CHOQUE,0,0,Friday,12,0,2023,12,diciembre,,
2023-12-01,A001602245,CALLE 12 N 32 -54    NUTIVARA,NUTIVARA,1,1,HERIDOS,0,ATROPELLO,0,0,Friday,12,0,2023,12,diciembre,,
2023-12-02,A001602248,CARRERA 18 CALLE  7   BALCONES DE SANTA ISABEL,BALCONES DE SANTA ISABEL,1,2,HERIDOS,0,ATROPELLO,0,0,Saturday,12,1,2023,12,diciembre,,
2023-12-06,A001602250,CALLE 15 CARRERA  29   SIN INFORMACIÃ“N DEL BARRIO,SIN INFORMACIÓN,2,3,HERIDOS,0,CHOQUE,0,0,Wednesday,12,0,2023,12,diciembre,,
2023-12-08,A001602251,CALLE 14 CARRERA 12   JUAN MELLAO,JUAN MELLAO,2,2,HERIDOS,0,CHOQUE,0,0,Friday,12,0,2023,12,diciembre,,
2023-12-08,A001602252,CARRERA 14 CALLE  17   SAN CRISTOBAL,SAN CRISTOBAL,2,2,HERIDOS,0,CHOQUE,0,0,Friday,12,0,2023,12,diciembre,4.0049364,-73.8336221
2023-12-19,A001602254,CARRERA 23 CALLE  21A   LA TIZA,LA TIZA,2,2,HERIDOS,0,CHOQUE,0,0,Tuesday,12,0,2023,12,diciembre,,
2023-12-22,A001602255,CARRERA 23 N .9 -15    PABLO EMILIO RIVEROS,PABLO EMILIO RIVEROS,1,0,MUERTOS,1,CHOQUE,1,0,Friday,12,0,2023,12,diciembre,3.9813847,-73.7668931
2023-12-18,A001602253,AVENIDA 23 N.27-06    DON BOSCO,DON BOSCO,3,2,HERIDOS,0,CHOQUE,0,0,Monday,12,0,2023,12,diciembre,3.1232913,-73.7523765
2023-12-22,A001602256,CARRERA 24 CALLE  45179 EVEREST,SIN INFORMACIÓN,1,1,HERIDOS,0,ATROPELLO,0,0,Friday,12,0,2023,12,diciembre,,
2023-12-25,A001602259,CALLE 13 CARRERA  20   COOPERATIVO,COOPERATIVO,2,1,HERIDOS,0,CHOQUE,0,0,Monday,12,0,2023,12,diciembre,3.9876057,-73.7645413
2023-12-24,A001602258,AVENIDA 23 CARRERA 27A  VIILA  CLAUDIA,SIN INFORMACIÓN,1,1,HERIDOS,0,CHOQUE,0,0,Sunday,12,1,2023,12,diciembre,,
2023-12-24,A001602257,CARRERA 14 N. 9-103   LA UNION,LA UNION,1,1,HERIDOS,0,OTRO,0,0,Sunday,12,1,2023,12,diciembre,3.903333,-73.601667
2023-12-30,A001602260,AVENIDA 23 N. 27B-30 SAIN THOMAS,SIN INFORMACIÓN,2,1,HERIDOS,0,CHOQUE,0,0,Saturday,12,1,2023,12,diciembre,,
2023-12-30,A001602261,CALLE 18 CARRERA 18   MANCERA,MANCERA,2,3,HERIDOS,0,CHOQUE,0,0,Saturday,12,1,2023,12,diciembre,3.9919826,-73.7594884
2022-01-01,A001371865,CALLE 9 CARRERA  22   PABLO EMILIO RIVEROS,PABLO EMILIO RIVEROS,2,0,DAÃ‘OS MATERIALES,0,CHOQUE,0,0,Saturday,1,1,2022,1,enero,3.9813847,-73.7668931
2022-01-02,A001371866,CARRERA 23 CALLE  17   COOPERATIVO,COOPERATIVO,2,2,HERIDOS,0,CHOQUE,0,0,Sunday,1,1,2022,1,enero,3.9876057,-73.7645413
2022-01-03,A001371867,KILOMETRO 1+700 MTS RURAL     LOMA DE TIGRE,SIN INFORMACIÓN,2,1,HERIDOS,0,CHOQUE,0,0,Monday,1,0,2022,1,enero,,
2022-01-05,A001371868,AVENIDA 23 CARRERA  27   LOS OLIVOS,LOS OLIVOS,2,1,HERIDOS,0,CHOQUE,0,0,Wednesday,1,0,2022,1,enero,,
2022-01-07,A001371869,CARRERA 23 # 14 53   COOPERATIVO,COOPERATIVO,4,0,DAÃ‘OS MATERIALES,0,CHOQUE,0,0,Friday,1,0,2022,1,enero,3.9876057,-73.7645413
2022-01-16,A001371872,CARRERA 23 #14 27   SAN JOSÃ‰,SAN JOSÉ,2,0,DAÃ‘OS MATERIALES,0,CHOQUE,0,0,Sunday,1,1,2022,1,enero,3.9904639,-73.770546
2022-01-10,A001371870,KILOMETRO 1+700 MTS     VÃA ACACÃAS-GUAMAL,VÍA ACACÍAS-GUAMAL,2,0,HERIDOS,0,CHOQUE,0,0,Monday,1,0,2022,1,enero,3.9759331,-73.7670347
2022-01-14,A001371871,CARRERA 49 CALLE 20   BRISAS DE LA COLINA,BRISAS DE LA COLINA,2,0,HERIDOS,0,CHOQUE,0,0,Friday,1,0,2022,1,enero,3.9968549,-73.7798485
2022-01-17,A001371873,KILOMETRO 15+9 MTS     VÃA ACACÃAS-DINAMARCA,VÍA ACACÍAS-DINAMARCA,2,0,DAÃ‘OS MATERIALES,0,CHOQUE,0,0,Monday,1,0,2022,1,enero,,
2022-01-19,A001371874,CARRERA 14 CALLE 26   GUARATARA II,GUARATARA II,2,0,DAÃ‘OS MATERIALES,0,CHOQUE,0,0,Wednesday,1,0,2022,1,enero,,
2022-01-27,A001371875,KILOMETRO 27+100 MTS     VÃA ACACÃAS-VILLAVICENCIO,VÍA ACACÍAS-VILLAVICENCIO,2,0,DAÃ‘OS MATERIALES,0,CHOQUE,0,0,Thursday,1,0,2022,1,enero,4.0496448,-73.7653564
2022-01-28,A001371877,CARRERA 31 CALLE 16C   BACHUE,BACHUE,2,0,DAÃ‘OS MATERIALES,0,CHOQUE,0,0,Friday,1,0,2022,1,enero,,
2022-01-31,A001371878,CALLE 14 CARRERA  31   BACHUE,BACHUE,2,0,DAÃ‘OS MATERIALES,0,CHOQUE,0,0,Monday,1,0,2022,1,enero,,
2022-01-27,A001371876,CARRERA 23 # 9 74,SIN INFORMACIÓN,2,1,HERIDOS,0,CHOQUE,0,0,Thursday,1,0,2022,1,enero,,
2022-01-08,C-0088589,KILOMETRO 44+800 MTS     VÃA GRANADA-VILLAVICENCIO,VÍA GRANADA-VILLAVICENCIO,3,0,DAÃ‘OS MATERIALES,0,CHOQUE,0,0,Saturday,1,1,2022,1,enero,,
2022-01-25,C-001437191,KILOMETRO 46+500 MTS     VÃA GRANADA-VILLAVICENCIO,VÍA GRANADA-VILLAVICENCIO,2,1,HERIDOS,0,CHOQUE,0,0,Tuesday,1,0,2022,1,enero,,
2022-02-03,A001371879,CARRERA 45 FRENTE 14 - 46,SIN INFORMACIÓN,2,0,DAÃ‘OS MATERIALES,0,CHOQUE,0,0,Thursday,2,0,2022,2,febrero,,
2022-02-04,A001371880,MANZANA C CASA 21   NUEVA JERUSALEN,NUEVA JERUSALEN,2,0,DAÃ‘OS MATERIALES,0,CHOQUE,0,0,Friday,2,0,2022,2,febrero,,
2022-02-05,A001371881,CARRERA 14 CALLE 17   SAN CRISTOBAL,SAN CRISTOBAL,2,2,HERIDOS,0,CHOQUE,0,0,Saturday,2,1,2022,2,febrero,4.0049364,-73.8336221
2022-02-07,A001371882,CARRERA 18 CON  8 INTERSECCIÃ“N,SIN INFORMACIÓN,2,0,DAÃ‘OS MATERIALES,0,CHOQUE,0,0,Monday,2,0,2022,2,febrero,,
2022-02-08,A001371883,KILOMETRO 7+700   VÃA DINAMARCA,SIN INFORMACIÓN,2,0,DAÃ‘OS MATERIALES,0,CHOQUE,0,0,Tuesday,2,0,2022,2,febrero,,
2022-02-11,A001371884,CARRERA 23 # 9 - 15,SIN INFORMACIÓN,2,0,DAÃ‘OS MATERIALES,0,CHOQUE,0,0,Friday,2,0,2022,2,febrero,,
2022-02-12,A001371885,KILOMETRO 0+500      SANTA TERESITA,SIN INFORMACIÓN,2,0,MUERTOS,3,CHOQUE,1,0,Saturday,2,1,2022,2,febrero,,
2022-02-13,A001371886,CALLE 15 CARRERA 21,SIN INFORMACIÓN,2,1,HERIDOS,0,CHOQUE,0,0,Sunday,2,1,2022,2,febrero,,
2022-02-15,A001371888,KILOMETRO 0+400     VÃA ANTIGUA GUAMAL,VÍA ANTIGUA GUAMAL,1,1,MUERTOS,1,CHOQUE,1,0,Tuesday,2,0,2022,2,febrero,,
2022-02-12,A001371887,CARRERA 31 # 14 - 46,SIN INFORMACIÓN,2,2,HERIDOS,0,ATROPELLO,0,0,Saturday,2,1,2022,2,febrero,,
2022-02-17,A001371889,CALLE 18 # 17 - 20 MANCERA,MANCERA,1,1,HERIDOS,0,CHOQUE,0,0,Thursday,2,0,2022,2,febrero,3.9919826,-73.7594884
2022-02-18,A001371890,KILOMETRO 22+880     VÃA GRANADA-VILLAVICENCIO,VÍA GRANADA-VILLAVICENCIO,3,0,DAÃ‘OS MATERIALES,0,CHOQUE,0,0,Friday,2,0,2022,2,febrero,,
2022-02-18,A001371891,CARRERA 23 CALLE 17   MANCERA,MANCERA,2,1,HERIDOS,0,CHOQUE,0,0,Friday,2,0,2022,2,febrero,3.9919826,-73.7594884
2022-02-20,A001371893,CARRERA 17 # 21 - 49,SIN INFORMACIÓN,1,0,DAÃ‘OS MATERIALES,0,CHOQUE,0,0,Sunday,2,1,2022,2,febrero,,
2022-02-19,A001371894,KILOMETRO 20+200      PUERTO CANECAS,SIN INFORMACIÓN,1,0,DAÃ‘OS MATERIALES,0,CHOQUE,0,0,Saturday,2,1,2022,2,febrero,,
2022-02-19,A001371892,CARRERA 14 # 19 - 13 SAN CRISTOBAL,SAN CRISTOBAL,2,1,HERIDOS,0,CHOQUE,0,0,Saturday,2,1,2022,2,febrero,4.0049364,-73.8336221
2022-02-21,A001371895,CALLE 11 CARRERA 26,SIN INFORMACIÓN,2,2,HERIDOS,0,CHOQUE,0,0,Monday,2,0,2022,2,febrero,,
2022-02-21,A001371896,CALLE 16 # 47 - 3 COLINAS,COLINAS,2,4,HERIDOS,0,CHOQUE,0,0,Monday,2,0,2022,2,febrero,,
2022-02-22,A001371897,CALLE 25 # 20 - 3 GUARATARA,GUARATARA,1,3,HERIDOS,0,ATROPELLO,0,0,Tuesday,2,0,2022,2,febrero,,
2022-02-22,A001371898,CARRERA 14 # 18 - 29 SAN CRISTOBAL,SAN CRISTOBAL,2,2,HERIDOS,0,CHOQUE,0,0,Tuesday,2,0,2022,2,febrero,4.0049364,-73.8336221
2022-02-26,A001371900,CARRERA 30 # 22A - 20 LA ORQUIDEA REAL,LA ORQUIDEA REAL,2,2,HERIDOS,0,CHOQUE,0,0,Saturday,2,1,2022,2,febrero,,
2022-02-23,A001371899,CARRERA 45B # 16,SIN INFORMACIÓN,2,1,HERIDOS,0,CHOQUE,0,0,Wednesday,2,0,2022,2,febrero,,
2022-02-27,A001371902,DIAGONAL 15 # 32 - 20 VILLA CASTILLA,VILLA CASTILLA,2,1,HERIDOS,0,CHOQUE,0,0,Sunday,2,1,2022,2,febrero,,
2022-02-27,A001371903,AVENIDA 23 # 27 - 33,SIN INFORMACIÓN,2,1,HERIDOS,0,CHOQUE,0,0,Sunday,2,1,2022,2,febrero,,
2022-02-04,C001437205,KILOMETRO 53+500     VÃA GRANADA-VILLAVICENCIO,VÍA GRANADA-VILLAVICENCIO,2,1,HERIDOS,0,CHOQUE,0,0,Friday,2,0,2022,2,febrero,,
2022-02-27,A001371905,CALLE 14 # 17 58   CENTRO,CENTRO,2,0,DAÃ‘OS MATERIALES,0,CHOQUE,0,0,Sunday,2,1,2022,2,febrero,3.9601604,-73.7585291
2022-03-02,A001371904,CARRERA 25 CALLE  23,SIN INFORMACIÓN,3,1,HERIDOS,0,CHOQUE,0,0,Wednesday,3,0,2022,3,marzo,,
2022-03-08,A001371907,KILOMETRO 1+700 MTS     BAQUEROS CLUB-CHICHIMENE LOMA DE TIGRE,BAQUEROS CLUB-CHICHIMENE,1,0,DAÃ‘OS MATERIALES,0,OTRO,0,0,Tuesday,3,0,2022,3,marzo,,
2022-03-07,A001371906,KILOMETRO 9+200 MTS     BAQUEROS CLUB-CHICHIMENE,BAQUEROS CLUB-CHICHIMENE,1,0,MUERTOS,1,CHOQUE,1,0,Monday,3,0,2022,3,marzo,,
2022-03-08,A001371908,CALLE 13 CARRERA  16   CENTRO,CENTRO,2,1,HERIDOS,0,CHOQUE,0,0,Tuesday,3,0,2022,3,marzo,3.9601604,-73.7585291
2022-03-16,A001371912,AVENIDA 23 FRENTE ALA MANGA DE COLEO,SIN INFORMACIÓN,2,1,HERIDOS,0,CHOQUE,0,0,Wednesday,3,0,2022,3,marzo,,
2022-03-16,A001371911,AVENIDA 25 # 25 39   SIN INFORMACIÃ“N DEL BARRIO,SIN INFORMACIÓN,2,1,HERIDOS,0,CHOQUE,0,0,Wednesday,3,0,2022,3,marzo,,
2022-03-14,A001371910,KILOMETRO 23 MTS SECTOR CAÃ‘O HONDO    VÃA ACACÃAS-DINAMARCA,VÍA ACACÍAS-DINAMARCA,2,1,HERIDOS,0,CHOQUE,0,0,Monday,3,0,2022,3,marzo,,
2022-03-13,A001371909,AVENIDA 23 CALLE 9   COOPERATIVO,COOPERATIVO,2,1,HERIDOS,0,CHOQUE,0,0,Sunday,3,1,2022,3,marzo,3.9876057,-73.7645413
2022-03-18,A001371901,CARRERA 23 # 13 31   SAN JOSÃ‰,SAN JOSÉ,4,0,DAÃ‘OS MATERIALES,0,CHOQUE,0,0,Friday,3,0,2022,3,marzo,3.9904639,-73.770546
2022-03-24,A001371905,CALLE 15 CARRERA  13   JUAN MELLAO,JUAN MELLAO,1,0,DAÃ‘OS MATERIALES,0,OTRO,0,0,Thursday,3,0,2022,3,marzo,,
2022-03-22,A001371913,CARRERA 14 # 4 99   MALECÃ“N TURISTICO,MALECÓN TURÍSTICO,2,1,HERIDOS,0,CHOQUE,0,0,Tuesday,3,0,2022,3,marzo,,
2022-03-26,A001371915,CARRERA 23 # 14 7   SIN INFORMACIÃ“N DEL BARRIO,SIN INFORMACIÓN,2,0,DAÃ‘OS MATERIALES,0,CHOQUE,0,0,Saturday,3,1,2022,3,marzo,,
2022-03-28,A001371916,CALLE 18 CARRERA  6   POPULAR,POPULAR,2,0,DAÃ‘OS MATERIALES,0,CHOQUE,0,0,Monday,3,0,2022,3,marzo,3.9854568,-73.7597031
2022-03-25,A001371914,CARRERA 23 # 17 13  MANCERA,MANCERA,2,2,HERIDOS,0,CHOQUE,0,0,Friday,3,0,2022,3,marzo,3.9919826,-73.7594884
2022-03-30,A001371917,KILOMETRO 26+300 MTS     VÃA GRANADA-VILLAVICENCIO,VÍA GRANADA-VILLAVICENCIO,2,0,DAÃ‘OS MATERIALES,0,CHOQUE,0,0,Wednesday,3,0,2022,3,marzo,,
2022-03-30,A001371918,CARRERA 31 CALLE 16C    BACHUE,BACHUE,2,3,HERIDOS,0,CHOQUE,0,0,Wednesday,3,0,2022,3,marzo,,
2022-03-10,C-001437245,KILOMETRO 48+350 MTS     VÃA GRANADA-VILLAVICENCIO,VÍA GRANADA-VILLAVICENCIO,1,2,HERIDOS,0,ATROPELLO,0,0,Thursday,3,0,2022,3,marzo,,
2022-03-30,C-00143724,KILOMETRO 47+100 MTS     VÃA GRANADA-VILLAVICENCIO,VÍA GRANADA-VILLAVICENCIO,2,0,DAÃ‘OS MATERIALES,0,CHOQUE,0,0,Wednesday,3,0,2022,3,marzo,,
2022-04-02,A001371919,AVENIDA 23 # 27 4   DON BOSCO,DON BOSCO,2,1,HERIDOS,0,CHOQUE,0,0,Saturday,4,1,2022,4,abril,3.1232913,-73.7523765
2022-04-03,A001371921,CARRERA 23 CALLE 19   SIN INFORMACIÃ“N DEL BARRIO,SIN INFORMACIÓN,2,0,DAÃ‘OS MATERIALES,0,CHOQUE,0,0,Sunday,4,1,2022,4,abril,,
2022-04-03,A001371920,KILOMETRO 2 ACACIAS /VEREDA CENTRO     EL CENTRO,SIN INFORMACIÓN,1,0,MUERTOS,1,CHOQUE,1,0,Sunday,4,1,2022,4,abril,,
2022-04-07,A001371922,KILOMETRO 1+200 MTS VIA RESGUARDO     EL RESGUARDO,SIN INFORMACIÓN,1,0,DAÃ‘OS MATERIALES,0,CHOQUE,0,0,Thursday,4,0,2022,4,abril,,
2022-04-09,A001371923,CARRERA 23 FRENTE AL COMPLEJO GANADERO,SIN INFORMACIÓN,2,3,HERIDOS,0,CHOQUE,0,0,Saturday,4,1,2022,4,abril,,
2022-04-13,A001456778,DIAGONAL 15 CARRERA  27A 33  SAN JOSÃ‰,SAN JOSÉ,2,0,DAÃ‘OS MATERIALES,0,CHOQUE,0,0,Wednesday,4,0,2022,4,abril,3.9904639,-73.770546
2022-04-14,A001456779,CALLE 11 #32 67   SIN INFORMACIÃ“N DEL BARRIO,SIN INFORMACIÓN,2,0,DAÃ‘OS MATERIALES,0,CHOQUE,0,0,Thursday,4,0,2022,4,abril,,
2022-04-15,A001456780,CARRERA 18 # 6 18  SIN INFORMACIÃ“N DEL BARRIO,SIN INFORMACIÓN,2,0,DAÃ‘OS MATERIALES,0,CHOQUE,0,0,Friday,4,0,2022,4,abril,,
2022-04-09,A001371925,CALLE 13 CARRERA  18   CENTRO,CENTRO,1,0,DAÃ‘OS MATERIALES,0,VOLCAMIENTO,0,0,Saturday,4,1,2022,4,abril,3.9601604,-73.7585291
2022-04-09,A001371924,CARRERA 23 CALLE  17 DIAGONAL 15  SIN INFORMACIÃ“N DEL BARRIO,SIN INFORMACIÓN,2,0,DAÃ‘OS MATERIALES,0,CHOQUE,0,0,Saturday,4,1,2022,4,abril,,
2022-04-10,A001371926,CALLE 15 CARRERA  18   CENTRO,CENTRO,1,2,HERIDOS,0,ATROPELLO,0,0,Sunday,4,1,2022,4,abril,3.9601604,-73.7585291
2022-04-10,A001371927,CALLE 13 CARRERA  16   CENTRO,CENTRO,2,0,DAÃ‘OS MATERIALES,0,CHOQUE,0,0,Sunday,4,1,2022,4,abril,3.9601604,-73.7585291
2022-04-12,A001456777,CARRERA 33 CALLE  16D   BACHUE,BACHUE,1,1,HERIDOS,0,ATROPELLO,0,0,Tuesday,4,0,2022,4,abril,,
2022-04-17,A001456783,CARRERA 22 CALLE  15   COOPERATIVO,COOPERATIVO,1,1,HERIDOS,0,ATROPELLO,0,0,Sunday,4,1,2022,4,abril,3.9876057,-73.7645413
2022-04-16,A001456781,AVENIDA 23 CALLE  27   SIN INFORMACIÃ“N DEL BARRIO,SIN INFORMACIÓN,2,2,HERIDOS,0,CHOQUE,0,0,Saturday,4,1,2022,4,abril,,
2022-04-20,A001456784,CALLE 13 CARRERA  26   SAN JOSÃ‰,SAN JOSÉ,2,1,HERIDOS,0,CHOQUE,0,0,Wednesday,4,0,2022,4,abril,3.9904639,-73.770546
2022-04-27,A001456786,CALLE 15 # 16 7  CENTRO,CENTRO,2,0,DAÃ‘OS MATERIALES,0,CHOQUE,0,0,Wednesday,4,0,2022,4,abril,3.9601604,-73.7585291
2022-04-25,A001456785,CARRERA 23 CALLE  15   SAN JOSÃ‰,SAN JOSÉ,2,2,HERIDOS,0,CHOQUE,0,0,Monday,4,0,2022,4,abril,3.9904639,-73.770546
2022-04-30,A001456789,CALLE 14 # 29 34  BACHUE,BACHUE,1,1,HERIDOS,0,OTRO,0,0,Saturday,4,1,2022,4,abril,,
2022-04-05,C-001441380,KILOMETRO 46+200 MTS     VÃA GRANADA-VILLAVICENCIO,VÍA GRANADA-VILLAVICENCIO,3,1,HERIDOS,0,CHOQUE,0,0,Tuesday,4,0,2022,4,abril,,
2022-04-16,C-001441393,KILOMETRO 46+300 MTS     VÃA GRANADA-VILLAVICENCIO,VÍA GRANADA-VILLAVICENCIO,4,0,DAÃ‘OS MATERIALES,0,CHOQUE,0,0,Saturday,4,1,2022,4,abril,,
2022-04-29,C-001441405,KILOMETRO 46+400 MTS     VÃA GRANADA-VILLAVICENCIO,VÍA GRANADA-VILLAVICENCIO,2,2,HERIDOS,0,CHOQUE,0,0,Friday,4,0,2022,4,abril,,
2022-05-02,A001456738,CARRERA 18 # 8A - 21 SANTA ISABEL,SANTA ISABEL,2,0,DAÃ‘OS MATERIALES,0,CHOQUE,0,0,Monday,5,0,2022,5,mayo,,
2022-05-01,A001456787,CALLE 12 # 34A - 26 SAMAN,SAMAN,1,1,HERIDOS,0,ATROPELLO,0,0,Sunday,5,1,2022,5,mayo,,
2022-05-05,A001456790,CALLE 18 INTERSECCIÃ“N 20,SIN INFORMACIÓN,2,1,HERIDOS,0,ATROPELLO,0,0,Thursday,5,0,2022,5,mayo,,
2022-05-07,A001456791,DIAGONAL 5  17 - 7 PABLO EMILIO RIVEROS,PABLO EMILIO RIVEROS,1,0,DAÃ‘OS MATERIALES,0,CHOQUE,0,0,Saturday,5,1,2022,5,mayo,3.9813847,-73.7668931
2022-05-08,A001456792,CALLE 16 INTERSECCIÃ“N 33   BACHUE,BACHUE,2,4,HERIDOS,0,CHOQUE,0,0,Sunday,5,1,2022,5,mayo,,
2022-05-13,A001456793,CARRERA 23 # 11 - 9 DORADO BAJO,DORADO BAJO,2,0,DAÃ‘OS MATERIALES,0,CHOQUE,0,0,Friday,5,0,2022,5,mayo,,
2022-05-14,A001456794,CALLE 11 # 17 - 57,SIN INFORMACIÓN,2,2,HERIDOS,0,CHOQUE,0,0,Saturday,5,1,2022,5,mayo,,
2022-05-16,A001456795,KILOMETRO 8+400 COLEGIO JUAN ROZO     EL RESGUARDO,SIN INFORMACIÓN,2,0,HERIDOS,0,CHOQUE,0,0,Monday,5,0,2022,5,mayo,,
2022-05-21,A001456796,CALLE 19 # 25 - 72 SAN JOSÃ‰,SAN JOSÉ,2,0,DAÃ‘OS MATERIALES,0,CHOQUE,0,0,Saturday,5,1,2022,5,mayo,3.9904639,-73.770546
2022-05-23,A001456797,CARRERA 33 INTERSECCIÃ“N 16C,SIN INFORMACIÓN,2,2,HERIDOS,0,CHOQUE,0,0,Monday,5,0,2022,5,mayo,,
2022-05-25,A001456798,CALLE 17 CARRERA 19   MANCERA,MANCERA,2,1,HERIDOS,0,CHOQUE,0,0,Wednesday,5,0,2022,5,mayo,3.9919826,-73.7594884
2022-05-26,A001456799,CARRERA 23 CALLE 5 - 129 PABLO EMILIO RIVEROS,PABLO EMILIO RIVEROS,2,1,HERIDOS,0,CHOQUE,0,0,Thursday,5,0,2022,5,mayo,3.9813847,-73.7668931
2022-05-28,A001456782,CALLE 18 CARRERA 19,SIN INFORMACIÓN,2,1,HERIDOS,0,CHOQUE,0,0,Saturday,5,1,2022,5,mayo,,
2022-05-31,A001456803,CARRERA 23 CALLE 11   SAN JOSÃ‰,SAN JOSÉ,2,1,HERIDOS,0,CHOQUE,0,0,Tuesday,5,0,2022,5,mayo,3.9904639,-73.770546
2022-05-30,A001456801,DIAGONAL 15 # 27A - 45 SAN JOSÃ‰,SAN JOSÉ,2,2,HERIDOS,0,CHOQUE,0,0,Monday,5,0,2022,5,mayo,3.9904639,-73.770546
2022-05-29,A001456800,AVENIDA 23 INTERSECCIÃ“N 25   LA TIZA,LA TIZA,2,0,HERIDOS,0,CHOQUE,0,0,Sunday,5,1,2022,5,mayo,,
2022-05-13,C-001441416,KILOMETRO 55+200     VÃA GRANADA-VILLAVICENCIO,VÍA GRANADA-VILLAVICENCIO,3,1,HERIDOS,0,CHOQUE,0,0,Friday,5,0,2022,5,mayo,,
2022-06-01,A001456802,CALLE 13 # 23 2  SIN INFORMACIÃ“N DEL BARRIO,SIN INFORMACIÓN,2,0,DAÃ‘OS MATERIALES,0,CHOQUE,0,0,Wednesday,6,0,2022,6,junio,,
2022-06-04,A001456804,CARRERA 23 DIAGONAL  15   SAN JOSÃ‰,SAN JOSÉ,2,1,HERIDOS,0,CHOQUE,0,0,Saturday,6,1,2022,6,junio,3.9904639,-73.770546
2022-06-06,A001456805,KILOMETRO 19+200 MTS VIA ACACIAS SANTA ROSA     SANTA ROSA,SIN INFORMACIÓN,2,3,HERIDOS,0,CHOQUE,0,0,Monday,6,0,2022,6,junio,,
2022-06-08,A001456806,CARRERA 23 CALLE  18   SIN INFORMACIÃ“N DEL BARRIO,SIN INFORMACIÓN,2,1,HERIDOS,0,CHOQUE,0,0,Wednesday,6,0,2022,6,junio,,
2022-06-22,A001456808,CARRERA 47 CALLE  17   COLINAS,COLINAS,2,0,DAÃ‘OS MATERIALES,0,CHOQUE,0,0,Wednesday,6,0,2022,6,junio,,
2022-06-19,A001456807,CARRERA 29 CALLE  12   SIN INFORMACIÃ“N DEL BARRIO,SIN INFORMACIÓN,2,2,HERIDOS,0,CHOQUE,0,0,Sunday,6,1,2022,6,junio,,
2022-06-22,A001456809,CALLE 12 CARRERA 33 SAMAN  SAMAN,SAMAN,1,1,HERIDOS,0,ATROPELLO,0,0,Wednesday,6,0,2022,6,junio,,
2022-06-22,A001456810,CARRERA 30 # 17 5 ASOCIACION DE AMIGOS ASOCIACIÃ“N DE AMIGOS,ASOCIACIÓN DE AMIGOS,1,1,HERIDOS,0,ATROPELLO,0,0,Wednesday,6,0,2022,6,junio,,
2022-06-24,A001456811,CALLE 14 CARRERA  24   SAN JOSÃ‰,SAN JOSÉ,2,0,DAÃ‘OS MATERIALES,0,CHOQUE,0,0,Friday,6,0,2022,6,junio,3.9904639,-73.770546
2022-06-26,A001456812,CARRERA 23 CALLE  5 102  SIN INFORMACIÃ“N DEL BARRIO,SIN INFORMACIÓN,2,1,HERIDOS,0,CHOQUE,0,0,Sunday,6,1,2022,6,junio,,
2022-06-25,A001456813,CALLE 16 CARRERA  25   SIN INFORMACIÃ“N DEL BARRIO,SIN INFORMACIÓN,2,0,DAÃ‘OS MATERIALES,0,CHOQUE,0,0,Saturday,6,1,2022,6,junio,,
2022-06-25,A001456814,MALECON TURISTICO    MALECÃ“N TURISTICO,MALECÓN TURÍSTICO,2,0,DAÃ‘OS MATERIALES,0,CHOQUE,0,0,Saturday,6,1,2022,6,junio,,
2022-06-16,A001456815,CALLE 13 CARRERA  20   COOPERATIVO,COOPERATIVO,2,0,DAÃ‘OS MATERIALES,0,CHOQUE,0,0,Thursday,6,0,2022,6,junio,3.9876057,-73.7645413
2022-06-07,C-001441436,KILOMETRO 47+300 MTS     VÃA GRANADA-VILLAVICENCIO,VÍA GRANADA-VILLAVICENCIO,3,0,DAÃ‘OS MATERIALES,0,CHOQUE,0,0,Tuesday,6,0,2022,6,junio,,
2022-06-16,C-001479120,KILOMETRO 48+000MTS   VEREDA EL CENTRO  VÃA GRANADA-VILLAVICENCIO,VÍA GRANADA-VILLAVICENCIO,3,5,HERIDOS,0,ATROPELLO,0,0,Thursday,6,0,2022,6,junio,,
2022-06-28,C-001479133,VÃA GRANADA-VILLAVICENCIO,VÍA GRANADA-VILLAVICENCIO,2,0,DAÃ‘OS MATERIALES,0,CHOQUE,0,0,Tuesday,6,0,2022,6,junio,,
2022-07-03,A001456817,KILOMETRO 10 VÃA DINAMARCA  VEREDA   MONTELIBANO,SIN INFORMACIÓN,2,2,HERIDOS,0,CHOQUE,0,0,Sunday,7,1,2022,7,julio,,
2022-07-03,A001456816,CALLE 16 CARRERA 34   BACHUE,BACHUE,2,1,HERIDOS,0,CHOQUE,0,0,Sunday,7,1,2022,7,julio,,
2022-07-05,A001456818,CALLE 13 CARRERA 14   JUAN MELLAO,JUAN MELLAO,2,2,HERIDOS,0,CHOQUE,0,0,Tuesday,7,0,2022,7,julio,,
2022-07-08,A001456820,DIAGONAL 15  26 - 142 DON BOSCO,DON BOSCO,1,2,MUERTOS,1,CHOQUE,1,0,Friday,7,0,2022,7,julio,3.1232913,-73.7523765
2022-07-08,A001456821,CALLE 12 CARRERA 35   NUTIVARA,NUTIVARA,2,0,DAÃ‘OS MATERIALES,0,CHOQUE,0,0,Friday,7,0,2022,7,julio,,
2022-07-09,A001456822,KILOMETRO 3+400 VÃA  VEREDA   EL CENTRO,SIN INFORMACIÓN,2,2,MUERTOS,2,CHOQUE,1,0,Saturday,7,1,2022,7,julio,,
2022-07-06,A001456819,CARRERA 19 CALLE 17   MANCERA,MANCERA,2,2,HERIDOS,0,CHOQUE,0,0,Wednesday,7,0,2022,7,julio,3.9919826,-73.7594884
2022-07-10,A001456823,CALLE 14 CARRERA 32   BACHUE,BACHUE,2,1,HERIDOS,0,CHOQUE,0,0,Sunday,7,1,2022,7,julio,,
2022-07-12,A001456824,DIAGONAL 15  26 - 46 PABLO VI,PABLO VI,1,1,HERIDOS,0,ATROPELLO,0,0,Tuesday,7,0,2022,7,julio,4.0579411,-73.7898
2022-07-13,A001456826,CALLE 10 A  CARRERA 25 DORADO,DORADO,2,1,HERIDOS,0,CHOQUE,0,0,Wednesday,7,0,2022,7,julio,3.9851539,-73.7681515
2022-07-17,A001456829,AVENIDA 23   CALLE 14 SAN JOSÃ‰,SAN JOSÉ,2,0,DAÃ‘OS MATERIALES,0,CHOQUE,0,0,Sunday,7,1,2022,7,julio,3.9904639,-73.770546
2022-07-17,A001456830,KILOMETRO 9+200 VÃA CHICHIMENE,SIN INFORMACIÓN,2,1,MUERTOS,1,CHOQUE,1,0,Sunday,7,1,2022,7,julio,,
2022-07-16,A001456828,KILOMETRO 26+200     PABLO EMILIO RIVEROS,PABLO EMILIO RIVEROS,1,2,HERIDOS,0,CHOQUE,0,0,Saturday,7,1,2022,7,julio,3.9813847,-73.7668931
2022-07-13,A001456825,CALLE 14 CALLE 16   CENTRO,CENTRO,2,1,HERIDOS,0,CHOQUE,0,0,Wednesday,7,0,2022,7,julio,3.9601604,-73.7585291
2022-07-16,A001456827,CARRERA 23  15 - 20 DORADO,DORADO,2,0,DAÃ‘OS MATERIALES,0,CHOQUE,0,0,Saturday,7,1,2022,7,julio,3.9851539,-73.7681515
2022-07-25,A001456831,CARRERA 36  12A - 6 INDEPENDENCIA,INDEPENDENCIA,1,0,HERIDOS,0,ATROPELLO,0,0,Monday,7,0,2022,7,julio,3.985851,-73.7787589
2022-07-31,A001456833,CALLE 13 CARRERA 16   CENTRO,CENTRO,2,1,HERIDOS,0,CHOQUE,0,0,Sunday,7,1,2022,7,julio,3.9601604,-73.7585291
2022-07-30,A001456832,CARRERA 17 CALLE 14   CENTRO,CENTRO,2,2,HERIDOS,0,CHOQUE,0,0,Saturday,7,1,2022,7,julio,3.9601604,-73.7585291
2022-07-11,C001479150,KILOMETRO 46+600  GRANADA - VILLAVICENCIO  EL CENTRO,SIN INFORMACIÓN,2,0,DAÃ‘OS MATERIALES,0,CHOQUE,0,0,Monday,7,0,2022,7,julio,,
2022-07-22,C001479154,KILOMETRO 46+500 BOMBA SEUZ GRANADA - VILLAVICENCIO,SIN INFORMACIÓN,2,1,DAÃ‘OS MATERIALES,0,CHOQUE,0,0,Friday,7,0,2022,7,julio,,
2022-08-12,A001456834,CARRERA 18#16-10   -  SANTA ISABEL,SANTA ISABEL,2,1,HERIDOS,0,CHOQUE,0,0,Friday,8,0,2022,8,agosto,,
2022-08-13,A001456835,CARRERA 23#5A-05   -  PABLO EMILIO RIVEROS,PABLO EMILIO RIVEROS,2,1,HERIDOS,0,CHOQUE,0,0,Saturday,8,1,2022,8,agosto,3.9813847,-73.7668931
2022-08-12,A001456836,CARRERA 23#14-76   -  DORADO,DORADO,2,1,HERIDOS,0,CHOQUE,0,0,Friday,8,0,2022,8,agosto,3.9851539,-73.7681515
2022-08-13,A001456838,KILOMETRO 18+700 MTS VIA A DINAMARCA  VEREDA /CAÃ‘O HONDO   MONTELIBANO,SIN INFORMACIÓN,1,1,HERIDOS,0,CHOQUE,0,0,Saturday,8,1,2022,8,agosto,,
2022-08-21,A001456337,CARRERA 23 CALLE  19 -  MANCERA,MANCERA,2,2,HERIDOS,0,CHOQUE,0,0,Sunday,8,1,2022,8,agosto,3.9919826,-73.7594884
2022-08-23,A001456839,CARRERA 14 # 16 12  LAS VEGAS,LAS VEGAS,2,3,HERIDOS,0,CHOQUE,0,0,Tuesday,8,0,2022,8,agosto,,
2022-08-27,A001456840,CALLE 11 CARRERA  31A 15  LAS ACACIAS,LAS ACACIAS,1,0,MUERTOS,1,CHOQUE,1,0,Saturday,8,1,2022,8,agosto,4.0900381,-73.6692468
2022-08-12,C-001479165,KILOMETRO 48+400 MTS   -  VÃA GRANADA-VILLAVICENCIO EL CENTRO,VÍA GRANADA-VILLAVICENCIO,2,1,HERIDOS,0,CHOQUE,0,0,Friday,8,0,2022,8,agosto,,
2022-09-05,A001456841,CARRERA 29 DIAGONAL 15 -  VILLA DEL LLANO,VILLA DEL LLANO,2,1,HERIDOS,0,CHOQUE,0,0,Monday,9,0,2022,9,septiembre,,
2022-09-08,A001456842,CALLE 15 CARRERA  15 -  CENTRO,CENTRO,2,2,HERIDOS,0,CHOQUE,0,0,Thursday,9,0,2022,9,septiembre,3.9601604,-73.7585291
2022-09-12,A001456845,KILOMETRO 2+200 MTS   - VAQUEROS -CHICHIMENE,SIN INFORMACIÓN,2,2,HERIDOS,0,CHOQUE,0,0,Monday,9,0,2022,9,septiembre,,
2022-09-11,A001456843,CALLE 11 CARRERA  26 -  DORADO,DORADO,2,2,HERIDOS,0,CHOQUE,0,0,Sunday,9,1,2022,9,septiembre,3.9851539,-73.7681515
2022-09-12,A001456844,DIAGONAL 15 # 29 43  VILLA LUCIA,VILLA LUCIA,2,1,HERIDOS,0,CHOQUE,0,0,Monday,9,0,2022,9,septiembre,,
2022-09-14,A001456846,DIAGONAL 15 CARRERA  21 -  COOPERATIVO,COOPERATIVO,2,2,HERIDOS,0,CHOQUE,0,0,Wednesday,9,0,2022,9,septiembre,3.9876057,-73.7645413
2022-09-14,A001456847,KILOMETRO 52 GRAN/VILLAVICENCIO  -  VÃA GRANADA-VILLAVICENCIO,VÍA GRANADA-VILLAVICENCIO,2,1,HERIDOS,0,CHOQUE,0,0,Wednesday,9,0,2022,9,septiembre,,
2022-09-19,A001456848,CALLE 10A CARRERA  26 -  LAS ACACIAS,LAS ACACIAS,2,1,HERIDOS,0,CHOQUE,0,0,Monday,9,0,2022,9,septiembre,4.0900381,-73.6692468
2022-09-22,A001456849,CARRERA 23 # 25 39  VILLA LUCIA,VILLA LUCIA,2,2,HERIDOS,0,CHOQUE,0,0,Thursday,9,0,2022,9,septiembre,,
2022-09-25,A001456850,DIAGONAL 5 VIA LLANO MAR  -  LLANO MAR,LLANO MAR,1,1,HERIDOS,0,CHOQUE,0,0,Sunday,9,1,2022,9,septiembre,,
2022-06-13,C-001479189,KILOMETRO 47+610 MTS INTER VEREDA EL CENTRO    VÃA GRANADA-VILLAVICENCIO,VÍA GRANADA-VILLAVICENCIO,2,1,MUERTOS,1,CHOQUE,1,0,Monday,6,0,2022,6,junio,,
2022-09-15,C-001479191,KILOMETRO 56+720 MTS    -  VÃA GRANADA-VILLAVICENCIO,VÍA GRANADA-VILLAVICENCIO,1,2,HERIDOS,0,ATROPELLO,0,0,Thursday,9,0,2022,9,septiembre,,
2022-10-01,A001456851,CALLE 18 FRENTE ALA VILLA OLIMPICA  -,SIN INFORMACIÓN,2,2,HERIDOS,0,CHOQUE,0,0,Saturday,10,1,2022,10,octubre,,
2022-10-04,A001456853,CALLE 18 # 20 46  MANCERA,MANCERA,2,1,HERIDOS,0,CHOQUE,0,0,Tuesday,10,0,2022,10,octubre,3.9919826,-73.7594884
2022-10-03,A001456852,CALLE 18 CARRERA 7-52 -  SIN INFORMACIÃ“N DEL BARRIO,SIN INFORMACIÓN,1,1,HERIDOS,0,ATROPELLO,0,0,Monday,10,0,2022,10,octubre,,
2022-10-16,A001456857,CARRERA 14 CALLE 17 -  SAN CRISTOBAL,SAN CRISTOBAL,1,2,MUERTOS,1,ATROPELLO,1,0,Sunday,10,1,2022,10,octubre,4.0049364,-73.8336221
2022-10-12,A001456354,CALLE 12 CARRERA  38 INDEPEN II ETAPA  INDEPENDENCIA,INDEPENDENCIA,2,1,HERIDOS,0,CHOQUE,0,0,Wednesday,10,0,2022,10,octubre,3.985851,-73.7787589
2022-10-16,A001456856,CARRERA 31 CALLE  16C -  SIN INFORMACIÃ“N DEL BARRIO,SIN INFORMACIÓN,2,2,HERIDOS,0,CHOQUE,0,0,Sunday,10,1,2022,10,octubre,,
2022-10-14,A001456855,CALLE 12 CARRERA 25 -  DORADO,DORADO,2,2,HERIDOS,0,CHOQUE,0,0,Friday,10,0,2022,10,octubre,3.9851539,-73.7681515
2022-10-19,A001456858,CARRERA 41 AVENIDA 23 PLAZA CENTENARIA  SIN INFORMACIÃ“N DEL BARRIO,SIN INFORMACIÓN,1,1,MUERTOS,1,OTRO,1,0,Wednesday,10,0,2022,10,octubre,,
2022-10-21,A001456859,CALLE 15 CARRERA  15-48 -  CENTRO,CENTRO,2,1,HERIDOS,0,CHOQUE,0,0,Friday,10,0,2022,10,octubre,3.9601604,-73.7585291
2022-10-25,A001456860,AVENIDA 23 CALLE 29B -  ASOCIACIÃ“N DE AMIGOS,ASOCIACIÓN DE AMIGOS,2,1,HERIDOS,0,CHOQUE,0,0,Tuesday,10,0,2022,10,octubre,,
2022-10-27,A001456861,CARRERA  19 CALLE 18 FRENTE ALA VILLA OLIMPICA,SIN INFORMACIÓN,1,1,HERIDOS,0,ATROPELLO,0,0,Thursday,10,0,2022,10,octubre,,
2022-10-09,C-001479207,KILOMETRO 44+500 MTS   -  VÃA GRANADA-VILLAVICENCIO,VÍA GRANADA-VILLAVICENCIO,2,2,HERIDOS,0,CHOQUE,0,0,Sunday,10,1,2022,10,octubre,,
2022-10-09,C- 001479206,KILOMETRO 44+350 MTS   OROTOY  VÃA GRANADA-VILLAVICENCIO,VÍA GRANADA-VILLAVICENCIO,2,1,HERIDOS,0,CHOQUE,0,0,Sunday,10,1,2022,10,octubre,,
2022-10-16,C - 001482371,KILOMETRO 47+400 MTS   VEREDA CENTRO  VÃA GRANADA-VILLAVICENCIO,VÍA GRANADA-VILLAVICENCIO,2,2,HERIDOS,0,CHOQUE,0,0,Sunday,10,1,2022,10,octubre,,
2022-11-07,A001456863,CALLE 11 # 33-12  -  SAMAN,SAMAN,2,2,MUERTOS,1,CHOQUE,1,0,Monday,11,0,2022,11,noviembre,,
2022-11-01,A001456862,KILOMETRO 1+500 MTS   ACACIAS CHICHIMENE   ESMERALDA,SIN INFORMACIÓN,1,3,HERIDOS,0,CHOQUE,0,0,Tuesday,11,0,2022,11,noviembre,,
2022-11-08,A001456864,CALLE 14 CARRERA 12 -  JUAN MELLAO,JUAN MELLAO,2,2,HERIDOS,0,CHOQUE,0,0,Tuesday,11,0,2022,11,noviembre,,
2022-11-09,A001456865,CALLE 13 CARRERA  27 -  SIN INFORMACIÃ“N DEL BARRIO,SIN INFORMACIÓN,2,2,HERIDOS,0,CHOQUE,0,0,Wednesday,11,0,2022,11,noviembre,,
2022-11-15,A001456866,CARRERA 22 CALLE  18 -  MANCERA,MANCERA,2,1,HERIDOS,0,CHOQUE,0,0,Tuesday,11,0,2022,11,noviembre,3.9919826,-73.7594884
2022-11-17,A001456867,CARRERA 36 CALLE  11 -  INDEPENDENCIA,INDEPENDENCIA,2,1,HERIDOS,0,CHOQUE,0,0,Thursday,11,0,2022,11,noviembre,3.985851,-73.7787589
2022-11-19,A001456868,AVENIDA 23 # 21B-30B -  GUARATARA II,GUARATARA II,2,1,HERIDOS,0,CHOQUE,0,0,Saturday,11,1,2022,11,noviembre,,
2022-11-19,A001456869,CARRERA 31 CALLES 16C 16D  BACHUE,BACHUE,1,1,HERIDOS,0,ATROPELLO,0,0,Saturday,11,1,2022,11,noviembre,,
2022-11-23,A001456871,CALLE 16 CARRERA  29 B/BOSQUE  EL BOSQUE,EL BOSQUE,2,1,HERIDOS,0,CHOQUE,0,0,Wednesday,11,0,2022,11,noviembre,,
2022-11-22,A001456870,CARRERA 39 CALLE 11 -  INDEPENDENCIA,INDEPENDENCIA,2,1,HERIDOS,0,CHOQUE,0,0,Tuesday,11,0,2022,11,noviembre,3.985851,-73.7787589
2022-11-24,A001456872,CALLE 14 # 25 - 44  -  SIN INFORMACIÃ“N DEL BARRIO,SIN INFORMACIÓN,2,2,HERIDOS,0,CHOQUE,0,0,Thursday,11,0,2022,11,noviembre,,
2022-11-26,A001456873,CALLE 18 CARRERA 48 -  SIN INFORMACIÃ“N DEL BARRIO,SIN INFORMACIÓN,2,1,HERIDOS,0,CHOQUE,0,0,Saturday,11,1,2022,11,noviembre,,
2022-11-26,A001456874,DIAGONAL 15 # 30-15 VILLA DEL SOL,SIN INFORMACIÓN,2,2,HERIDOS,0,CHOQUE,0,0,Saturday,11,1,2022,11,noviembre,,
2022-11-30,A001456875,CARRERA 18 # 13-85 -  CENTRO,CENTRO,1,1,HERIDOS,0,ATROPELLO,0,0,Wednesday,11,0,2022,11,noviembre,3.9601604,-73.7585291
2022-11-25,C-001482395,KILOMETRO 45+000 MTS   -  VÃA GRANADA-VILLAVICENCIO,VÍA GRANADA-VILLAVICENCIO,2,1,HERIDOS,0,CHOQUE,0,0,Friday,11,0,2022,11,noviembre,,
2022-12-02,A001456876,CARRERA 31 CALLE  16F -  SIN INFORMACIÃ“N DEL BARRIO,SIN INFORMACIÓN,2,1,HERIDOS,0,CHOQUE,0,0,Friday,12,0,2022,12,diciembre,,
2022-12-05,A001456877,AVENIDA 23 CALLE  18 -  SIN INFORMACIÃ“N DEL BARRIO,SIN INFORMACIÓN,1,2,HERIDOS,0,ATROPELLO,0,0,Monday,12,0,2022,12,diciembre,,
2022-12-10,A001456878,CALLE 18 CRA 19 -  MANCERA,MANCERA,2,1,HERIDOS,0,CHOQUE,0,0,Saturday,12,1,2022,12,diciembre,3.9919826,-73.7594884
2022-12-11,A001456879,CALLE 11 CARRERA  35A -  INDEPENDENCIA,INDEPENDENCIA,2,2,HERIDOS,0,CHOQUE,0,0,Sunday,12,1,2022,12,diciembre,3.985851,-73.7787589
2022-12-18,A001456881,CALLE 14 CARRERA  23 -  SIN INFORMACIÃ“N DEL BARRIO,SIN INFORMACIÓN,2,1,HERIDOS,0,CHOQUE,0,0,Sunday,12,1,2022,12,diciembre,,
2022-12-17,A001456880,CALLE 18 CARRERA  14 -  SAN CRISTOBAL,SAN CRISTOBAL,2,1,HERIDOS,0,CHOQUE,0,0,Saturday,12,1,2022,12,diciembre,4.0049364,-73.8336221
2022-12-29,A001456883,CALLE 11 CARRERA  24 -  DORADO,DORADO,2,1,HERIDOS,0,CHOQUE,0,0,Thursday,12,0,2022,12,diciembre,3.9851539,-73.7681515
2022-12-28,A001456882,CARRERA 31 N  14-110 VILLA DEL SOL,SIN INFORMACIÓN,1,1,HERIDOS,0,CHOQUE,0,0,Wednesday,12,0,2022,12,diciembre,,
2022-12-27,C-001482414,KILOMETRO 46+650 MTS   -  VÃA GRANADA-VILLAVICENCIO,VÍA GRANADA-VILLAVICENCIO,2,1,HERIDOS,0,CHOQUE,0,0,Tuesday,12,0,2022,12,diciembre,,
